,course,freq,course_find
319,nodebird sns 만들기,60,nodebird sns 만들기
1096,스프링 데이터 jpa,59,스프링 데이터 jpa
886,리엑트로 nodebird sns,49,리엑트로 nodebird sns
1761,파이썬 머신러닝 완벽,49,파이썬 머신러닝 완벽
906,머신러닝 완벽 가이드,49,머신러닝 완벽 가이드
887,리엑트로 nodebird sns 만들기,49,리엑트로 nodebird sns 만들기
1762,파이썬 머신러닝 완벽 가이드,48,파이썬 머신러닝 완벽 가이드
1891,프로그래밍과 자바스크립트 es6,48,프로그래밍과 자바스크립트 es6
11,2020년 공부 목표,47,2020년 공부 목표
1936,함수형 프로그래밍과 자바스크립트 es6,47,함수형 프로그래밍과 자바스크립트 es6
1935,함수형 프로그래밍과 자바스크립트,47,함수형 프로그래밍과 자바스크립트
1110,스프링 부트와 jpa,40,스프링 부트와 jpa
1193,실전 스프링 부트와 jpa,39,실전 스프링 부트와 jpa
706,관심있는 인프런 강의명,39,관심있는 인프런 강의명
1192,실전 스프링 부트와,39,실전 스프링 부트와
990,부트 개념과 활용,36,부트 개념과 활용
1106,스프링 부트 개념과,35,스프링 부트 개념과
338,orm 표준 jpa,34,orm 표준 jpa
339,orm 표준 jpa 프로그래밍,34,orm 표준 jpa 프로그래밍
1840,표준 jpa 프로그래밍,34,표준 jpa 프로그래밍
1107,스프링 부트 개념과 활용,34,스프링 부트 개념과 활용
1475,자바 orm 표준 jpa,33,자바 orm 표준 jpa
1218,알고리즘 입문 with,33,알고리즘 입문 with
1328,위한 알고리즘 입문 with,33,위한 알고리즘 입문 with
1474,자바 orm 표준,33,자바 orm 표준
1327,위한 알고리즘 입문,33,위한 알고리즘 입문
369,rest api 개발,32,rest api 개발
1777,파이썬 실전 활용,31,파이썬 실전 활용
195,it 취업을 위한,31,it 취업을 위한
745,기반 rest api 개발,30,기반 rest api 개발
1648,취업을 위한 알고리즘,30,취업을 위한 알고리즘
1649,취업을 위한 알고리즘 입문,30,취업을 위한 알고리즘 입문
1433,입문 with 창의적 문제해결,30,입문 with 창의적 문제해결
1092,스프링 기반 rest,30,스프링 기반 rest
1093,스프링 기반 rest api,30,스프링 기반 rest api
1432,입문 with 창의적,30,입문 with 창의적
1329,위한 알고리즘 입문 with 창의적,30,위한 알고리즘 입문 with
744,기반 rest api,30,기반 rest api
498,with 창의적 문제해결,30,with 창의적 문제해결
196,it 취업을 위한 알고리즘,30,it 취업을 위한 알고리즘
1219,알고리즘 입문 with 창의적,30,알고리즘 입문 with 창의적
1230,애플리케이션을 테스트하는 다양한,28,애플리케이션을 테스트하는 다양한
1492,자바 애플리케이션을 테스트하는,27,자바 애플리케이션을 테스트하는
1493,자바 애플리케이션을 테스트하는 다양한,27,자바 애플리케이션을 테스트하는 다양한
1841,표준 jpa 프로그래밍 기본편,27,표준 jpa 프로그래밍 기본편
1231,애플리케이션을 테스트하는 다양한 방법,27,애플리케이션을 테스트하는 다양한 방법
340,orm 표준 jpa 프로그래밍 기본편,27,orm 표준 jpa 프로그래밍
1709,테스트하는 다양한 방법,27,테스트하는 다양한 방법
224,jpa 프로그래밍 기본편,27,jpa 프로그래밍 기본편
1477,자바 orm 표준 jpa 프로그래밍 기본편,26,자바 orm 표준 jpa
1494,자바 애플리케이션을 테스트하는 다양한 방법,26,자바 애플리케이션을 테스트하는 다양한
465,vue js 완벽,25,vue js 완벽
258,js 완벽 가이드,25,js 완벽 가이드
1190,실전 스프링 데이터,25,실전 스프링 데이터
466,vue js 완벽 가이드,25,vue js 완벽 가이드
993,부트와 jpa 활용1,24,부트와 jpa 활용1
994,부트와 jpa 활용1 애플리케이션,24,부트와 jpa 활용1 애플리케이션
1194,실전 스프링 부트와 jpa 활용1,24,실전 스프링 부트와 jpa
1984,활용1 애플리케이션 개발,24,활용1 애플리케이션 개발
226,jpa 활용1 애플리케이션 개발,24,jpa 활용1 애플리케이션 개발
225,jpa 활용1 애플리케이션,24,jpa 활용1 애플리케이션
1111,스프링 부트와 jpa 활용1,24,스프링 부트와 jpa 활용1
1191,실전 스프링 데이터 jpa,23,실전 스프링 데이터 jpa
832,따라하며 배우는 c언어,22,따라하며 배우는 c언어
1131,스프링 프레임워크 핵심,22,스프링 프레임워크 핵심
1132,스프링 프레임워크 핵심 기술,21,스프링 프레임워크 핵심 기술
1861,프레임워크 핵심 기술,21,프레임워크 핵심 기술
1633,초심자를 위한 리엑트,21,초심자를 위한 리엑트
871,리액트 초심자를 위한,20,리액트 초심자를 위한
1921,하는 리액트 초심자를,20,하는 리액트 초심자를
1922,하는 리액트 초심자를 위한,20,하는 리액트 초심자를 위한
872,리액트 초심자를 위한 리엑트,20,리액트 초심자를 위한 리엑트
885,리엑트 핵심 강좌,20,리엑트 핵심 강좌
785,누구든지 하는 리액트,20,누구든지 하는 리액트
786,누구든지 하는 리액트 초심자를,20,누구든지 하는 리액트 초심자를
1634,초심자를 위한 리엑트 핵심,20,초심자를 위한 리엑트 핵심
1311,위한 리엑트 핵심,20,위한 리엑트 핵심
1312,위한 리엑트 핵심 강좌,20,위한 리엑트 핵심 강좌
873,리액트 초심자를 위한 리엑트 핵심,19,리액트 초심자를 위한 리엑트
1924,하는 리액트 초심자를 위한 리엑트 핵심,19,하는 리액트 초심자를 위한
1778,파이썬 알고리즘 문제풀이,19,파이썬 알고리즘 문제풀이
1157,시작하기 파이썬 입문,18,시작하기 파이썬 입문
1874,프로그래밍 시작하기 파이썬,18,프로그래밍 시작하기 파이썬
1875,프로그래밍 시작하기 파이썬 입문,18,프로그래밍 시작하기 파이썬 입문
609,개발 퍼펙트 가이드,18,개발 퍼펙트 가이드
310,node js 교과서,17,node js 교과서
1200,실험을 통해 성장하는 서비스를,17,실험을 통해 성장하는 서비스를
188,ios12 개발 퍼펙트 가이드,17,ios12 개발 퍼펙트 가이드
1060,성장하는 서비스를 만드는 방법,17,성장하는 서비스를 만드는 방법
187,ios12 개발 퍼펙트,17,ios12 개발 퍼펙트
807,데이터와 실험을 통해 성장하는,17,데이터와 실험을 통해 성장하는
806,데이터와 실험을 통해,17,데이터와 실험을 통해
1054,서비스를 만드는 방법,17,서비스를 만드는 방법
1199,실험을 통해 성장하는,17,실험을 통해 성장하는
1059,성장하는 서비스를 만드는,17,성장하는 서비스를 만드는
737,그로스해킹 데이터와 실험을 통해,17,그로스해킹 데이터와 실험을 통해
736,그로스해킹 데이터와 실험을,17,그로스해킹 데이터와 실험을
1731,통해 성장하는 서비스를,17,통해 성장하는 서비스를
1732,통해 성장하는 서비스를 만드는,17,통해 성장하는 서비스를 만드는
1591,조작하는 다양한 방법,16,조작하는 다양한 방법
1660,코드를 조작하는 다양한 방법,16,코드를 조작하는 다양한 방법
41,api 개발과 성능 최적화,16,api 개발과 성능 최적화
229,jpa 활용2 api,16,jpa 활용2 api
40,api 개발과 성능,16,api 개발과 성능
230,jpa 활용2 api 개발과,16,jpa 활용2 api 개발과
1007,분석 실전 프로젝트,16,분석 실전 프로젝트
1659,코드를 조작하는 다양한,16,코드를 조작하는 다양한
1988,활용2 api 개발과,16,활용2 api 개발과
1989,활용2 api 개발과 성능,16,활용2 api 개발과 성능
610,개발과 성능 최적화,16,개발과 성능 최적화
917,모두를 위한 딥러닝,15,모두를 위한 딥러닝
1114,스프링 부트와 jpa 활용2,15,스프링 부트와 jpa 활용2
1196,실전 스프링 부트와 jpa 활용2,15,실전 스프링 부트와 jpa
1499,자바 코드를 조작하는 다양한,15,자바 코드를 조작하는 다양한
1152,시작하기 age of vue,15,시작하기 age of vue
1151,시작하기 age of,15,시작하기 age of
462,vue js 시작하기 age,15,vue js 시작하기 age
461,vue js 시작하기,15,vue js 시작하기
1747,파이썬 데이터시각화 분석,15,파이썬 데이터시각화 분석
1498,자바 코드를 조작하는,15,자바 코드를 조작하는
804,데이터시각화 분석 실전,15,데이터시각화 분석 실전
805,데이터시각화 분석 실전 프로젝트,15,데이터시각화 분석 실전 프로젝트
330,of vue js,15,of vue js
254,js 시작하기 age,15,js 시작하기 age
255,js 시작하기 age of,15,js 시작하기 age of
1748,파이썬 데이터시각화 분석 실전,15,파이썬 데이터시각화 분석 실전
997,부트와 jpa 활용2,15,부트와 jpa 활용2
28,age of vue,15,age of vue
29,age of vue js,15,age of vue js
1115,스프링 부트와 jpa 활용2 api,14,스프링 부트와 jpa 활용2
758,기본부터 프로젝트 실습까지,14,기본부터 프로젝트 실습까지
1197,실전 스프링 부트와 jpa 활용2 api,14,실전 스프링 부트와 jpa
1766,파이썬 머신러닝 완벽가이드,14,파이썬 머신러닝 완벽가이드
998,부트와 jpa 활용2 api,14,부트와 jpa 활용2 api
171,ios 개발을 번에,13,ios 개발을 번에
1789,파이썬 입문 크롤링을 활용한,13,파이썬 입문 크롤링을 활용한
1788,파이썬 입문 크롤링을,13,파이썬 입문 크롤링을
1211,안드로이드 ios 개발을 번에,13,안드로이드 ios 개발을 번에
1210,안드로이드 ios 개발을,13,안드로이드 ios 개발을
248,js 교과서 기본부터,13,js 교과서 기본부터
249,js 교과서 기본부터 프로젝트,13,js 교과서 기본부터 프로젝트
131,flutter 입문 안드로이드 ios,13,flutter 입문 안드로이드 ios
1991,활용한 다양한 자동화,13,활용한 다양한 자동화
645,게임 프로그래밍 에센스,13,게임 프로그래밍 에센스
1693,크롤링을 활용한 다양한 자동화,13,크롤링을 활용한 다양한 자동화
1692,크롤링을 활용한 다양한,13,크롤링을 활용한 다양한
730,교과서 기본부터 프로젝트,13,교과서 기본부터 프로젝트
731,교과서 기본부터 프로젝트 실습까지,13,교과서 기본부터 프로젝트 실습까지
311,node js 교과서 기본부터,13,node js 교과서 기본부터
852,레트로의 유니티 게임 프로그래밍,13,레트로의 유니티 게임 프로그래밍
851,레트로의 유니티 게임,13,레트로의 유니티 게임
793,대세는 쿠버네티스 기초편,13,대세는 쿠버네티스 기초편
130,flutter 입문 안드로이드,13,flutter 입문 안드로이드
790,다양한 자동화 어플리케이션,13,다양한 자동화 어플리케이션
1447,입문 안드로이드 ios 개발을,13,입문 안드로이드 ios 개발을
1446,입문 안드로이드 ios,13,입문 안드로이드 ios
1357,유니티 게임 프로그래밍,13,유니티 게임 프로그래밍
1358,유니티 게임 프로그래밍 에센스,13,유니티 게임 프로그래밍 에센스
1505,자바 프로그래밍 입문,13,자바 프로그래밍 입문
1451,입문 크롤링을 활용한 다양한,13,입문 크롤링을 활용한 다양한
1450,입문 크롤링을 활용한,13,입문 크롤링을 활용한
1992,활용한 다양한 자동화 어플리케이션,13,활용한 다양한 자동화 어플리케이션
1695,크롤링을 활용한 다양한 자동화 어플리케이션 제작하기,12,크롤링을 활용한 다양한 자동화
1816,파이썬입문과 크롤링기초 부트캠프,12,파이썬입문과 크롤링기초 부트캠프
1744,파이썬 데이터 분석,12,파이썬 데이터 분석
1471,자동화 어플리케이션 제작하기,12,자동화 어플리케이션 제작하기
791,다양한 자동화 어플리케이션 제작하기,12,다양한 자동화 어플리케이션 제작하기
1993,활용한 다양한 자동화 어플리케이션 제작하기,12,활용한 다양한 자동화 어플리케이션
1892,프로그래밍과 자바스크립트 es6 응용편,11,프로그래밍과 자바스크립트 es6 응용편
608,개발 제대로 시작하기,11,개발 제대로 시작하기
491,vue로 nodebird sns 만들기,11,vue로 nodebird sns 만들기
642,게임 만들기 연습,11,게임 만들기 연습
643,게임 만들기 연습 문제,11,게임 만들기 연습 문제
490,vue로 nodebird sns,11,vue로 nodebird sns
646,게임을 만들며 배우는,11,게임을 만들며 배우는
679,관심 있는 인프런,11,관심 있는 인프런
932,문제풀이 코딩테스트 대비,11,문제풀이 코딩테스트 대비
898,만들기 연습 문제,11,만들기 연습 문제
318,node js로 크롤링하기,11,node js로 크롤링하기
899,만들기 연습 문제 패키지,11,만들기 연습 문제 패키지
1779,파이썬 알고리즘 문제풀이 코딩테스트,11,파이썬 알고리즘 문제풀이 코딩테스트
1512,자바스크립트 es6 제대로,11,자바스크립트 es6 제대로
1511,자바스크립트 es6 응용편,11,자바스크립트 es6 응용편
1139,스프링부트 개념과 활용,11,스프링부트 개념과 활용
116,es6 제대로 알아보기,11,es6 제대로 알아보기
1937,함수형 프로그래밍과 자바스크립트 es6 응용편,11,함수형 프로그래밍과 자바스크립트 es6
1241,연습 문제 패키지,11,연습 문제 패키지
1217,알고리즘 문제풀이 코딩테스트 대비,11,알고리즘 문제풀이 코딩테스트 대비
1216,알고리즘 문제풀이 코딩테스트,11,알고리즘 문제풀이 코딩테스트
1513,자바스크립트 es6 제대로 알아보기,11,자바스크립트 es6 제대로 알아보기
1172,신입 프로그래머를 위한,11,신입 프로그래머를 위한
1783,파이썬 입문 inflearn original,10,파이썬 입문 inflearn original
1782,파이썬 입문 inflearn,10,파이썬 입문 inflearn
1866,프로그래머를 위한 강좌,10,프로그래머를 위한 강좌
1187,실습 ui 개발로 배워보는,10,실습 ui 개발로 배워보는
1466,있는 인프런 강의,10,있는 인프런 강의
428,ui 개발로 배워보는 순수,10,ui 개발로 배워보는 순수
1484,자바 스프링 프레임워크,10,자바 스프링 프레임워크
1876,프로그래밍 시작하기 파이썬 입문 inflearn,10,프로그래밍 시작하기 파이썬 입문
427,ui 개발로 배워보는,10,ui 개발로 배워보는
658,공공데이터로 파이썬 데이터 분석,10,공공데이터로 파이썬 데이터 분석
1745,파이썬 데이터 분석 시작하기,10,파이썬 데이터 분석 시작하기
680,관심 있는 인프런 강의,10,관심 있는 인프런 강의
1186,실습 ui 개발로,10,실습 ui 개발로
657,공공데이터로 파이썬 데이터,10,공공데이터로 파이썬 데이터
799,데이터 분석 시작하기,10,데이터 분석 시작하기
1173,신입 프로그래머를 위한 강좌,10,신입 프로그래머를 위한 강좌
1429,입문 inflearn original,10,입문 inflearn original
1163,시작하는 머신러닝 입문,10,시작하는 머신러닝 입문
1158,시작하기 파이썬 입문 inflearn,10,시작하기 파이썬 입문 inflearn
615,개발로 배워보는 순수,10,개발로 배워보는 순수
1389,인스타그램 클론 강의,10,인스타그램 클론 강의
471,vue js 중급 강좌,9,vue js 중급 강좌
429,ui 개발로 배워보는 순수 자바스크립트,9,ui 개발로 배워보는 순수
100,django 인스타그램 클론 강의,9,django 인스타그램 클론 강의
470,vue js 중급,9,vue js 중급
647,게임을 만들며 배우는 자바스크립트,9,게임을 만들며 배우는 자바스크립트
99,django 인스타그램 클론,9,django 인스타그램 클론
632,개발자가 되고 싶습니다,9,개발자가 되고 싶습니다
616,개발로 배워보는 순수 자바스크립트,9,개발로 배워보는 순수 자바스크립트
934,밑바닥 부터 시작하는 머신러닝,9,밑바닥 부터 시작하는 머신러닝
856,리눅스 시스템 프로그래밍,9,리눅스 시스템 프로그래밍
965,배워보는 순수 자바스크립트 vuejs,9,배워보는 순수 자바스크립트 vuejs
1207,싶습니다 관심있는 인프런,9,싶습니다 관심있는 인프런
1293,웹앱 제작으로 배워보는,9,웹앱 제작으로 배워보는
1523,자바스크립트 vuejs 개발,9,자바스크립트 vuejs 개발
1066,순수 자바스크립트 vuejs 개발,9,순수 자바스크립트 vuejs 개발
1065,순수 자바스크립트 vuejs,9,순수 자바스크립트 vuejs
1062,손으로 만드는 django 인스타그램,9,손으로 만드는 django 인스타그램
1061,손으로 만드는 django,9,손으로 만드는 django
266,js 중급 강좌,9,js 중급 강좌
1391,인터랙티브 개발 제대로,9,인터랙티브 개발 제대로
1392,인터랙티브 개발 제대로 시작하기,9,인터랙티브 개발 제대로 시작하기
988,부터 시작하는 머신러닝,9,부터 시작하는 머신러닝
989,부터 시작하는 머신러닝 입문,9,부터 시작하는 머신러닝 입문
964,배워보는 순수 자바스크립트,9,배워보는 순수 자바스크립트
933,밑바닥 부터 시작하는,9,밑바닥 부터 시작하는
890,만드는 django 인스타그램 클론,9,만드는 django 인스타그램 클론
902,만들며 배우는 자바스크립트,9,만들며 배우는 자바스크립트
889,만드는 django 인스타그램,9,만드는 django 인스타그램
1189,실습 ui 개발로 배워보는 순수 자바스크립트,9,실습 ui 개발로 배워보는
1995,활용한 리엑트 native,8,활용한 리엑트 native
1506,자바 프로그래밍 입문 강좌,8,자바 프로그래밍 입문 강좌
433,ver 신입 프로그래머를,8,ver 신입 프로그래머를
1582,제작으로 배워보는 vue,8,제작으로 배워보는 vue
434,ver 신입 프로그래머를 위한,8,ver 신입 프로그래머를 위한
1996,활용한 리엑트 native 개발,8,활용한 리엑트 native 개발
472,vue js 중급 강좌 웹앱,8,vue js 중급 강좌
24,3dsmax 초급부터 전문가까지,8,3dsmax 초급부터 전문가까지
1294,웹앱 제작으로 배워보는 vue,8,웹앱 제작으로 배워보는 vue
413,tdd 개발 방법론을 활용한,8,tdd 개발 방법론을 활용한
1564,전문가까지 한방에 끝내는,8,전문가까지 한방에 끝내는
25,3dsmax 초급부터 전문가까지 한방에,8,3dsmax 초급부터 전문가까지 한방에
412,tdd 개발 방법론을,8,tdd 개발 방법론을
580,강좌 웹앱 제작으로 배워보는,8,강좌 웹앱 제작으로 배워보는
1583,제작으로 배워보는 vue js,8,제작으로 배워보는 vue js
1588,제주코딩베이스캠프 code festival,8,제주코딩베이스캠프 code festival
880,리엑트 native 개발,8,리엑트 native 개발
85,db mysql 기본부터,8,db mysql 기본부터
756,기본부터 파이썬 데이터분석,8,기본부터 파이썬 데이터분석
401,sql db mysql,8,sql db mysql
936,방법론을 활용한 리엑트,8,방법론을 활용한 리엑트
937,방법론을 활용한 리엑트 native,8,방법론을 활용한 리엑트 native
960,배워보는 vue js,8,배워보는 vue js
1629,초급부터 전문가까지 한방에 끝내는,8,초급부터 전문가까지 한방에 끝내는
1628,초급부터 전문가까지 한방에,8,초급부터 전문가까지 한방에
1085,스프링 mvc 스프링,8,스프링 mvc 스프링
598,개발 방법론을 활용한 리엑트,8,개발 방법론을 활용한 리엑트
597,개발 방법론을 활용한,8,개발 방법론을 활용한
86,db mysql 기본부터 파이썬,8,db mysql 기본부터 파이썬
579,강좌 웹앱 제작으로,8,강좌 웹앱 제작으로
1602,중급 강좌 웹앱 제작으로,8,중급 강좌 웹앱 제작으로
1601,중급 강좌 웹앱,8,중급 강좌 웹앱
1746,파이썬 데이터분석 활용까지,8,파이썬 데이터분석 활용까지
402,sql db mysql 기본부터,8,sql db mysql 기본부터
757,기본부터 파이썬 데이터분석 활용까지,8,기본부터 파이썬 데이터분석 활용까지
1882,프로그래밍 이론과 실습,8,프로그래밍 이론과 실습
298,mysql 기본부터 파이썬 데이터분석,8,mysql 기본부터 파이썬 데이터분석
297,mysql 기본부터 파이썬,8,mysql 기본부터 파이썬
267,js 중급 강좌 웹앱,8,js 중급 강좌 웹앱
1883,프로그래밍 입문 강좌,8,프로그래밍 입문 강좌
1248,영상처리 프로젝트 찾아라,7,영상처리 프로젝트 찾아라
1931,한방에 끝내는 3dsmax 강좌,7,한방에 끝내는 3dsmax 강좌
375,router 프론트엔드 실전,7,router 프론트엔드 실전
766,끝내는 3dsmax 강좌,7,끝내는 3dsmax 강좌
334,opencv 파이썬 딥러닝,7,opencv 파이썬 딥러닝
335,opencv 파이썬 딥러닝 영상처리,7,opencv 파이썬 딥러닝 영상처리
1565,전문가까지 한방에 끝내는 3dsmax,7,전문가까지 한방에 끝내는 3dsmax
843,따라하며 배우는 따라하며,7,따라하며 배우는 따라하며
1908,프론트엔드 실전 기술,7,프론트엔드 실전 기술
1279,웹개발 입문 to django,7,웹개발 입문 to django
961,배워보는 vue js es6,7,배워보는 vue js es6
581,강좌 웹앱 제작으로 배워보는 vue,7,강좌 웹앱 제작으로 배워보는
953,배우는 따라하며 배우는,7,배우는 따라하며 배우는
942,배우는 vuejs vuex vue,7,배우는 vuejs vuex vue
759,기본적인 머신러닝과 딥러닝,7,기본적인 머신러닝과 딥러닝
1278,웹개발 입문 to,7,웹개발 입문 to
475,vue router 프론트엔드 실전,7,vue router 프론트엔드 실전
474,vue router 프론트엔드,7,vue router 프론트엔드
370,rest api 개발 스프링,7,rest api 개발 스프링
239,js vue js,7,js vue js
1751,파이썬 딥러닝 영상처리,7,파이썬 딥러닝 영상처리
235,js es6 vuex,7,js es6 vuex
1047,사용자를 위한 웹개발,7,사용자를 위한 웹개발
36,api 개발 스프링,7,api 개발 스프링
1630,초급부터 전문가까지 한방에 끝내는 3dsmax,7,초급부터 전문가까지 한방에 끝내는
1048,사용자를 위한 웹개발 입문,7,사용자를 위한 웹개발 입문
1584,제작으로 배워보는 vue js es6,7,제작으로 배워보는 vue js
487,vuex vue router 프론트엔드,7,vuex vue router 프론트엔드
486,vuex vue router,7,vuex vue router
480,vuejs vuex vue router,7,vuejs vuex vue router
479,vuejs vuex vue,7,vuejs vuex vue
1208,싶습니다 관심있는 인프런 강의명,7,싶습니다 관심있는 인프런 강의명
27,3dsmax 초급부터 전문가까지 한방에 끝내는 3dsmax,7,3dsmax 초급부터 전문가까지 한방에
376,router 프론트엔드 실전 기술,7,router 프론트엔드 실전 기술
1296,웹앱 제작으로 배워보는 vue js es6,7,웹앱 제작으로 배워보는 vue
443,vue js es6 vuex,7,vue js es6 vuex
1430,입문 to django,7,입문 to django
824,딥러닝 기본적인 머신러닝과 딥러닝,7,딥러닝 기본적인 머신러닝과 딥러닝
1609,진짜 입문자를 위한,7,진짜 입문자를 위한
826,딥러닝 영상처리 프로젝트,7,딥러닝 영상처리 프로젝트
1773,파이썬 사용자를 위한,7,파이썬 사용자를 위한
862,리버싱 분석 초급과정,7,리버싱 분석 초급과정
827,딥러닝 영상처리 프로젝트 찾아라,7,딥러닝 영상처리 프로젝트 찾아라
611,개발로 배우는 vuejs,7,개발로 배우는 vuejs
1431,입문 to django bootstrap,7,입문 to django bootstrap
1534,자바스크립트 중고급 자바스크립트의,7,자바스크립트 중고급 자바스크립트의
612,개발로 배우는 vuejs vuex,7,개발로 배우는 vuejs vuex
1604,중급 강좌 웹앱 제작으로 배워보는 vue,7,중급 강좌 웹앱 제작으로
1459,입문자를 위한 클라우드와,7,입문자를 위한 클라우드와
1460,입문자를 위한 클라우드와 aws,7,입문자를 위한 클라우드와 aws
1774,파이썬 사용자를 위한 웹개발,7,파이썬 사용자를 위한 웹개발
844,따라하며 배우는 따라하며 배우는,7,따라하며 배우는 따라하며 배우는
1930,한방에 끝내는 3dsmax,7,한방에 끝내는 3dsmax
442,vue js es6,7,vue js es6
419,to django bootstrap,7,to django bootstrap
1610,진짜 입문자를 위한 클라우드와,7,진짜 입문자를 위한 클라우드와
1308,위한 딥러닝 기본적인 머신러닝과,7,위한 딥러닝 기본적인 머신러닝과
1735,트렐로 개발로 배우는 vuejs,7,트렐로 개발로 배우는 vuejs
941,배우는 vuejs vuex,7,배우는 vuejs vuex
1734,트렐로 개발로 배우는,7,트렐로 개발로 배우는
823,딥러닝 기본적인 머신러닝과,7,딥러닝 기본적인 머신러닝과
1307,위한 딥러닝 기본적인,7,위한 딥러닝 기본적인
921,모두를 위한 딥러닝 기본적인,7,모두를 위한 딥러닝 기본적인
1331,위한 웹개발 입문,7,위한 웹개발 입문
1332,위한 웹개발 입문 to,7,위한 웹개발 입문 to
1337,위한 클라우드와 aws,7,위한 클라우드와 aws
1338,위한 파이썬 입문,7,위한 파이썬 입문
1752,파이썬 딥러닝 영상처리 프로젝트,7,파이썬 딥러닝 영상처리 프로젝트
1076,쉽게 하지만 견고한,6,쉽게 하지만 견고한
1077,쉽게 하지만 견고한 자료로,6,쉽게 하지만 견고한 자료로
1612,차별화된 엑셀 데이터,6,차별화된 엑셀 데이터
1686,크롤링기초 부트캠프 쉽게 하지만,6,크롤링기초 부트캠프 쉽게 하지만
1613,차별화된 엑셀 데이터 분석과,6,차별화된 엑셀 데이터 분석과
1896,프로그래밍을 위한 알고리즘,6,프로그래밍을 위한 알고리즘
1897,프로그래밍을 위한 알고리즘 강좌,6,프로그래밍을 위한 알고리즘 강좌
803,데이터 분석과 차트 시각화,6,데이터 분석과 차트 시각화
1632,초보부터 개발자 취업까지,6,초보부터 개발자 취업까지
1023,분석과 차트 시각화,6,분석과 차트 시각화
857,리눅스 시스템 프로그래밍 이론과,6,리눅스 시스템 프로그래밍 이론과
343,pie app 개발,6,pie app 개발
346,pwa 시작하기 기술로,6,pwa 시작하기 기술로
825,딥러닝 기본적인 머신러닝과 딥러닝 강좌,6,딥러닝 기본적인 머신러닝과 딥러닝
347,pwa 시작하기 기술로 앱을,6,pwa 시작하기 기술로 앱을
910,머신러닝과 딥러닝 강좌,6,머신러닝과 딥러닝 강좌
1884,프로그래밍 입문 강좌 renew,6,프로그래밍 입문 강좌 renew
588,개념과 활용 스프링,6,개념과 활용 스프링
1095,스프링 기반 rest api 개발 스프링,6,스프링 기반 rest api
802,데이터 분석과 차트,6,데이터 분석과 차트
797,데이터 과학을 위한 파이썬,6,데이터 과학을 위한 파이썬
796,데이터 과학을 위한,6,데이터 과학을 위한
794,데이터 jpa 스프링,6,데이터 jpa 스프링
1002,부트캠프 쉽게 하지만,6,부트캠프 쉽게 하지만
1003,부트캠프 쉽게 하지만 견고한,6,부트캠프 쉽게 하지만 견고한
118,es6 제대로 알아보기 초급,6,es6 제대로 알아보기 초급
358,renew ver 신입,6,renew ver 신입
1097,스프링 데이터 jpa 스프링,6,스프링 데이터 jpa 스프링
1310,위한 딥러닝 기본적인 머신러닝과 딥러닝 강좌,6,위한 딥러닝 기본적인 머신러닝과
1245,영리한 프로그래밍을 위한,6,영리한 프로그래밍을 위한
1246,영리한 프로그래밍을 위한 알고리즘,6,영리한 프로그래밍을 위한 알고리즘
1256,예민한 ux 디자인,6,예민한 ux 디자인
1282,웹게임을 만들며 배우는,6,웹게임을 만들며 배우는
359,renew ver 신입 프로그래머를,6,renew ver 신입 프로그래머를
671,과학을 위한 파이썬,6,과학을 위한 파이썬
672,과학을 위한 파이썬 입문,6,과학을 위한 파이썬 입문
448,vue js vue js,6,vue js vue js
447,vue js vue,6,vue js vue
1817,파이썬입문과 크롤링기초 부트캠프 쉽게,6,파이썬입문과 크롤링기초 부트캠프 쉽게
1549,자바스크립트의 근본적인 핵심 이해하기,6,자바스크립트의 근본적인 핵심 이해하기
1548,자바스크립트의 근본적인 핵심,6,자바스크립트의 근본적인 핵심
1237,엑셀 데이터 분석과 차트,6,엑셀 데이터 분석과 차트
1326,위한 알고리즘 강좌,6,위한 알고리즘 강좌
1535,자바스크립트 중고급 자바스크립트의 근본적인,6,자바스크립트 중고급 자바스크립트의 근본적인
421,top 기본 문제,6,top 기본 문제
331,of vue js vue,6,of vue js vue
1515,자바스크립트 es6 제대로 알아보기 초급,6,자바스크립트 es6 제대로 알아보기
1678,코틀린 기반 안드로이드,6,코틀린 기반 안드로이드
1507,자바 프로그래밍 입문 강좌 renew,6,자바 프로그래밍 입문 강좌
1434,입문 강좌 renew,6,입문 강좌 renew
1929,하지만 견고한 자료로,6,하지만 견고한 자료로
1485,자바 스프링 프레임워크 renew,6,자바 스프링 프레임워크 renew
1685,크롤링기초 부트캠프 쉽게,6,크롤링기초 부트캠프 쉽게
1567,정말 쉽게 풀어보는,6,정말 쉽게 풀어보는
1870,프로그래밍 데이터 과학을,6,프로그래밍 데이터 과학을
1871,프로그래밍 데이터 과학을 위한,6,프로그래밍 데이터 과학을 위한
1577,제대로 알아보기 초급,6,제대로 알아보기 초급
1146,시스템 프로그래밍 이론과,6,시스템 프로그래밍 이론과
1898,프로들만의 차별화된 엑셀,6,프로들만의 차별화된 엑셀
1147,시스템 프로그래밍 이론과 실습,6,시스템 프로그래밍 이론과 실습
760,기본적인 머신러닝과 딥러닝 강좌,6,기본적인 머신러닝과 딥러닝 강좌
1236,엑셀 데이터 분석과,6,엑셀 데이터 분석과
1154,시작하기 age of vue js vue,6,시작하기 age of vue
1155,시작하기 기술로 앱을,6,시작하기 기술로 앱을
764,기술로 앱을 만들자,6,기술로 앱을 만들자
1156,시작하기 기술로 앱을 만들자,6,시작하기 기술로 앱을 만들자
1122,스프링 프레임워크 renew,6,스프링 프레임워크 renew
1597,중고급 자바스크립트의 근본적인,6,중고급 자바스크립트의 근본적인
746,기반 rest api 개발 스프링,6,기반 rest api 개발
740,근본적인 핵심 이해하기,6,근본적인 핵심 이해하기
33,android pie app 개발,6,android pie app 개발
32,android pie app,6,android pie app
1598,중고급 자바스크립트의 근본적인 핵심,6,중고급 자바스크립트의 근본적인 핵심
30,age of vue js vue,6,age of vue js
1899,프로들만의 차별화된 엑셀 데이터,6,프로들만의 차별화된 엑셀 데이터
1679,코틀린 기반 안드로이드 앱개발,5,코틀린 기반 안드로이드 앱개발
106,docker hands on,5,docker hands on
92,devops의 이해 docker,5,devops의 이해 docker
835,따라하며 배우는 게임,5,따라하며 배우는 게임
704,관심있는 인프런 강의,5,관심있는 인프런 강의
836,따라하며 배우는 게임 만들기,5,따라하며 배우는 게임 만들기
104,do it 자바 프로그래밍,5,do it 자바 프로그래밍
1675,코알못에서 웹서비스 런칭까지 제주,5,코알못에서 웹서비스 런칭까지 제주
1674,코알못에서 웹서비스 런칭까지,5,코알못에서 웹서비스 런칭까지
1665,코딩 테스트 top 기본,5,코딩 테스트 top 기본
783,누구나 있는 안드로이드,5,누구나 있는 안드로이드
784,누구나 있는 안드로이드 개발,5,누구나 있는 안드로이드 개발
1664,코딩 테스트 top,5,코딩 테스트 top
1663,코딩 베이스캠프 django,5,코딩 베이스캠프 django
748,기반 안드로이드 앱개발,5,기반 안드로이드 앱개발
815,디자인 패턴 with 자바,5,디자인 패턴 with 자바
814,디자인 패턴 with,5,디자인 패턴 with
103,do it 자바,5,do it 자바
98,django 연동 프로그래밍,5,django 연동 프로그래밍
93,devops의 이해 docker hands,5,devops의 이해 docker hands
1832,퍼블리셔 취업을 위해 제대로,5,퍼블리셔 취업을 위해 제대로
848,런칭까지 제주 코딩,5,런칭까지 제주 코딩
1301,위한 swift5 완벽,5,위한 swift5 완벽
1587,제주 코딩 베이스캠프 django,5,제주 코딩 베이스캠프 django
1586,제주 코딩 베이스캠프,5,제주 코딩 베이스캠프
240,js vue js 중급,5,js vue js 중급
234,js django 연동 프로그래밍,5,js django 연동 프로그래밍
233,js django 연동,5,js django 연동
1198,실전 웹사이트 만들기,5,실전 웹사이트 만들기
1568,정말 쉽게 풀어보는 코딩,5,정말 쉽게 풀어보는 코딩
1287,웹서비스 런칭까지 제주,5,웹서비스 런칭까지 제주
1288,웹서비스 런칭까지 제주 코딩,5,웹서비스 런칭까지 제주 코딩
1302,위한 swift5 완벽 가이드,5,위한 swift5 완벽 가이드
849,런칭까지 제주 코딩 베이스캠프,5,런칭까지 제주 코딩 베이스캠프
1341,위해 제대로 배워보는,5,위해 제대로 배워보는
1353,유니티 게임 개발,5,유니티 게임 개발
1382,이해 docker hands,5,이해 docker hands
1383,이해 docker hands on,5,이해 docker hands on
1388,인공지능의 공용어 완전정복,5,인공지능의 공용어 완전정복
194,it 자바 프로그래밍 입문,5,it 자바 프로그래밍 입문
193,it 자바 프로그래밍,5,it 자바 프로그래밍
1486,자바 스프링 프레임워크 renew ver,5,자바 스프링 프레임워크 renew
1464,있는 안드로이드 개발,5,있는 안드로이드 개발
1590,제주코딩베이스캠프 code festival 파이썬,5,제주코딩베이스캠프 code festival 파이썬
1133,스프링 프레임워크 핵심 기술 스프링,5,스프링 프레임워크 핵심 기술
1123,스프링 프레임워크 renew ver,5,스프링 프레임워크 renew ver
1073,쉽게 풀어보는 코딩 테스트,5,쉽게 풀어보는 코딩 테스트
859,리버스쿨 level1 리버싱,5,리버스쿨 level1 리버싱
860,리버스쿨 level1 리버싱 분석,5,리버스쿨 level1 리버싱 분석
892,만드는 nodejs api,5,만드는 nodejs api
893,만드는 nodejs api 서버,5,만드는 nodejs api 서버
900,만들며 배우는 typescript,5,만들며 배우는 typescript
1831,퍼블리셔 취업을 위해,5,퍼블리셔 취업을 위해
945,배우는 게임 만들기,5,배우는 게임 만들기
946,배우는 게임 만들기 연습,5,배우는 게임 만들기 연습
280,level1 리버싱 분석,5,level1 리버싱 분석
1888,프로그래밍 핵심 기초,5,프로그래밍 핵심 기초
1658,케라스 인공지능의 공용어 완전정복,5,케라스 인공지능의 공용어 완전정복
1657,케라스 인공지능의 공용어,5,케라스 인공지능의 공용어
1653,취업을 위해 제대로 배워보는,5,취업을 위해 제대로 배워보는
1652,취업을 위해 제대로,5,취업을 위해 제대로
73,css 그리고 웹표준,5,css 그리고 웹표준
68,code festival 파이썬,5,code festival 파이썬
1968,핵심 기술 스프링,5,핵심 기술 스프링
1067,쉽게 배우는 webpack,5,쉽게 배우는 webpack
1072,쉽게 풀어보는 코딩,5,쉽게 풀어보는 코딩
695,관심있는 강의 파이썬,5,관심있는 강의 파이썬
281,level1 리버싱 분석 초급과정,5,level1 리버싱 분석 초급과정
439,vue js django,5,vue js django
628,개발을 위한 swift5 완벽,5,개발을 위한 swift5 완벽
469,vue js 완벽가이드,5,vue js 완벽가이드
417,tdd 만드는 nodejs api,5,tdd 만드는 nodejs api
1853,프레임워크 renew ver,5,프레임워크 renew ver
627,개발을 위한 swift5,5,개발을 위한 swift5
377,r로 하는 크롤링,5,r로 하는 크롤링
1706,테스트주도개발 tdd 만드는 nodejs,5,테스트주도개발 tdd 만드는 nodejs
440,vue js django 연동,5,vue js django 연동
1862,프레임워크 핵심 기술 스프링,5,프레임워크 핵심 기술 스프링
449,vue js vue js 중급,5,vue js vue js
333,of vue js vue js 중급,5,of vue js vue
452,vue js 관련,5,vue js 관련
1701,테스트 top 기본,5,테스트 top 기본
1702,테스트 top 기본 문제,5,테스트 top 기본 문제
1850,풀어보는 코딩 테스트 top,5,풀어보는 코딩 테스트 top
416,tdd 만드는 nodejs,5,tdd 만드는 nodejs
1849,풀어보는 코딩 테스트,5,풀어보는 코딩 테스트
1705,테스트주도개발 tdd 만드는,5,테스트주도개발 tdd 만드는
410,swift5 완벽 가이드,5,swift5 완벽 가이드
497,with 자바 gof,5,with 자바 gof
1830,패턴 with 자바 gof,5,패턴 with 자바 gof
325,nodejs api 서버,5,nodejs api 서버
1802,파이썬으로 실전 웹사이트 만들기,5,파이썬으로 실전 웹사이트 만들기
1801,파이썬으로 실전 웹사이트,5,파이썬으로 실전 웹사이트
1829,패턴 with 자바,5,패턴 with 자바
1108,스프링 부트 개념과 활용 스프링,4,스프링 부트 개념과 활용
1124,스프링 프레임워크 renew ver 신입,4,스프링 프레임워크 renew ver
363,renew ver 초보부터 개발자,4,renew ver 초보부터 개발자
362,renew ver 초보부터,4,renew ver 초보부터
1119,스프링 시큐리티 스프링,4,스프링 시큐리티 스프링
1032,블록체인 어플리케이션 만들기,4,블록체인 어플리케이션 만들기
1600,중급 http통신 상태관리,4,중급 http통신 상태관리
1978,화이트해커가 되기 위한,4,화이트해커가 되기 위한
1768,파이썬 머신러닝 완전정복 마라톤,4,파이썬 머신러닝 완전정복 마라톤
143,go언어 프로그래밍 핵심 기초,4,go언어 프로그래밍 핵심 기초
1767,파이썬 머신러닝 완전정복,4,파이썬 머신러닝 완전정복
1034,블록체인 이더리움 부동산,4,블록체인 이더리움 부동산
1035,블록체인 이더리움 부동산 dapp,4,블록체인 이더리움 부동산 dapp
1042,빠르게 끝내는 go언어,4,빠르게 끝내는 go언어
1043,빠르게 끝내는 go언어 프로그래밍,4,빠르게 끝내는 go언어 프로그래밍
67,code festival 자바스크립트,4,code festival 자바스크립트
1893,프로그래밍과 자바스크립트 es6 함수형,4,프로그래밍과 자바스크립트 es6 함수형
566,강좌 renew ver,4,강좌 renew ver
117,es6 제대로 알아보기 중급,4,es6 제대로 알아보기 중급
1078,쉽고 빠르게 끝내는,4,쉽고 빠르게 끝내는
1973,핵심 기초 입문,4,핵심 기초 입문
1974,핵심 기초 입문 과정,4,핵심 기초 입문 과정
1086,스프링 mvc 스프링 기반,4,스프링 mvc 스프링 기반
567,강좌 renew ver 초보부터,4,강좌 renew ver 초보부터
274,js로 서비스 만들기,4,js로 서비스 만들기
888,마라톤 기록예측 프로젝트,4,마라톤 기록예측 프로젝트
291,mvc 스프링 기반,4,mvc 스프링 기반
603,개발 스프링 시큐리티,4,개발 스프링 시큐리티
903,만들어보며 배우는 언리얼,4,만들어보며 배우는 언리얼
904,만들어보며 배우는 언리얼 게임,4,만들어보며 배우는 언리얼 게임
907,머신러닝 완전정복 마라톤,4,머신러닝 완전정복 마라톤
908,머신러닝 완전정복 마라톤 기록예측,4,머신러닝 완전정복 마라톤 기록예측
913,모던 자바스크립트 자바스크립트,4,모던 자바스크립트 자바스크립트
914,모던 자바스크립트 자바스크립트 개발을,4,모던 자바스크립트 자바스크립트 개발을
930,문제 with 자바,4,문제 with 자바
1885,프로그래밍 입문 강좌 renew ver,4,프로그래밍 입문 강좌 renew
949,배우는 노드 리액트,4,배우는 노드 리액트
950,배우는 노드 리액트 시리즈,4,배우는 노드 리액트 시리즈
955,배우는 언리얼 게임,4,배우는 언리얼 게임
957,배워보는 html과 css,4,배워보는 html과 css
958,배워보는 html과 css 그리고,4,배워보는 html과 css 그리고
1854,프레임워크 renew ver 신입,4,프레임워크 renew ver 신입
1889,프로그래밍 핵심 기초 입문,4,프로그래밍 핵심 기초 입문
968,배틀로얄 게임을 만들어보며,4,배틀로얄 게임을 만들어보며
969,배틀로얄 게임을 만들어보며 배우는,4,배틀로얄 게임을 만들어보며 배우는
1654,취업을 위해 제대로 배워보는 html과,4,취업을 위해 제대로 배워보는
978,벡터 미적분학 시리즈,4,벡터 미적분학 시리즈
985,부동산 dapp 만들기,4,부동산 dapp 만들기
986,부동산 dapp 만들기 기본편,4,부동산 dapp 만들기 기본편
991,부트 개념과 활용 스프링,4,부트 개념과 활용 스프링
996,부트와 jpa 활용1 애플리케이션 개발 실전,4,부트와 jpa 활용1 애플리케이션
509,가이드 실무 프로젝트를 위한,4,가이드 실무 프로젝트를 위한
1136,스프링 프레임워크 핵심기술,4,스프링 프레임워크 핵심기술
1182,실무까지 devops의 이해 docker,4,실무까지 devops의 이해 docker
508,가이드 실무 프로젝트를,4,가이드 실무 프로젝트를
1518,자바스크립트 es6 함수형 프로그래밍과,4,자바스크립트 es6 함수형 프로그래밍과
1342,위해 제대로 배워보는 html과,4,위해 제대로 배워보는 html과
1531,자바스크립트 자바스크립트 개발을 위한,4,자바스크립트 자바스크립트 개발을 위한
1530,자바스크립트 자바스크립트 개발을,4,자바스크립트 자바스크립트 개발을
1529,자바스크립트 언어 기본 자바스크립트,4,자바스크립트 언어 기본 자바스크립트
1528,자바스크립트 언어 기본,4,자바스크립트 언어 기본
1368,이더리움 부동산 dapp,4,이더리움 부동산 dapp
1369,이더리움 부동산 dapp 만들기,4,이더리움 부동산 dapp 만들기
1373,이용한 it 해킹과,4,이용한 it 해킹과
1374,이용한 it 해킹과 보안,4,이용한 it 해킹과 보안
1524,자바스크립트 개발을 위한,4,자바스크립트 개발을 위한
1376,이용한 어플리케이션 개발하기,4,이용한 어플리케이션 개발하기
199,it 해킹과 보안,4,it 해킹과 보안
1517,자바스크립트 es6 함수형,4,자바스크립트 es6 함수형
121,es6 함수형 프로그래밍과,4,es6 함수형 프로그래밍과
1514,자바스크립트 es6 제대로 알아보기 중급,4,자바스크립트 es6 제대로 알아보기
1510,자바기반 android pie,4,자바기반 android pie
1508,자바 프로그래밍 입문 강좌 renew ver,4,자바 프로그래밍 입문 강좌
1413,인프런 강의명 파이썬,4,인프런 강의명 파이썬
192,it 안드로이드 프로그래밍,4,it 안드로이드 프로그래밍
1834,퍼블리셔 취업을 위해 제대로 배워보는 html과,4,퍼블리셔 취업을 위해 제대로
1435,입문 강좌 renew ver,4,입문 강좌 renew ver
1455,입문에서 실무까지 devops의,4,입문에서 실무까지 devops의
1456,입문에서 실무까지 devops의 이해,4,입문에서 실무까지 devops의 이해
1487,자바 스프링 프레임워크 renew ver 신입,4,자바 스프링 프레임워크 renew
176,ios 개발을 위한 swift5,4,ios 개발을 위한 swift5
175,ios 개발을 위한,4,ios 개발을 위한
422,top 기본 문제 with,4,top 기본 문제 with
18,2020년 공부 목표는,4,2020년 공부 목표는
436,ver 초보부터 개발자,4,ver 초보부터 개발자
437,ver 초보부터 개발자 취업까지,4,ver 초보부터 개발자 취업까지
1576,제대로 알아보기 중급,4,제대로 알아보기 중급
1573,제대로 배워보는 html과 css,4,제대로 배워보는 html과 css
1572,제대로 배워보는 html과,4,제대로 배워보는 html과
1571,정보보안 개인정보보호 특강,4,정보보안 개인정보보호 특강
1179,실무 프로젝트를 위한,4,실무 프로젝트를 위한
1181,실무까지 devops의 이해,4,실무까지 devops의 이해
292,mvc 스프링 기반 rest,4,mvc 스프링 기반 rest
150,html과 css 그리고,4,html과 css 그리고
39,api 개발 스프링 시큐리티,4,api 개발 스프링 시큐리티
1985,활용1 애플리케이션 개발 실전,4,활용1 애플리케이션 개발 실전
151,html과 css 그리고 웹표준,4,html과 css 그리고 웹표준
1806,파이썬을 이용한 it,4,파이썬을 이용한 it
1807,파이썬을 이용한 it 해킹과,4,파이썬을 이용한 it 해킹과
227,jpa 활용1 애플리케이션 개발 실전,4,jpa 활용1 애플리케이션 개발
1938,함수형 프로그래밍과 자바스크립트 es6 함수형,4,함수형 프로그래밍과 자바스크립트 es6
1223,애플리케이션 개발 실전,4,애플리케이션 개발 실전
373,rest api 개발 스프링 시큐리티,4,rest api 개발 스프링
1234,언어 기본 자바스크립트,4,언어 기본 자바스크립트
122,es6 함수형 프로그래밍과 자바스크립트,4,es6 함수형 프로그래밍과 자바스크립트
1257,예제로 배우는 스프링,4,예제로 배우는 스프링
1259,완벽 가이드 실무,4,완벽 가이드 실무
1260,완벽 가이드 실무 프로젝트를,4,완벽 가이드 실무 프로젝트를
1270,완전정복 마라톤 기록예측,4,완전정복 마라톤 기록예측
1271,완전정복 마라톤 기록예측 프로젝트,4,완전정복 마라톤 기록예측 프로젝트
1283,웹게임을 만들며 배우는 typescript,4,웹게임을 만들며 배우는 typescript
84,dapp 만들기 기본편,4,dapp 만들기 기본편
840,따라하며 배우는 노드 리액트,4,따라하며 배우는 노드 리액트
649,게임을 만들어보며 배우는 언리얼,4,게임을 만들어보며 배우는 언리얼
102,do it 안드로이드 프로그래밍,4,do it 안드로이드 프로그래밍
789,다양한 방법 스프링,4,다양한 방법 스프링
142,go언어 프로그래밍 핵심,4,go언어 프로그래밍 핵심
768,끝내는 go언어 프로그래밍 핵심,4,끝내는 go언어 프로그래밍 핵심
779,노드 리액트 시리즈,4,노드 리액트 시리즈
648,게임을 만들어보며 배우는,4,게임을 만들어보며 배우는
751,기본 문제 with,4,기본 문제 with
752,기본 문제 with 자바,4,기본 문제 with 자바
767,끝내는 go언어 프로그래밍,4,끝내는 go언어 프로그래밍
765,기초 입문 과정,4,기초 입문 과정
1721,텐서플로2 파이썬 머신러닝 완전정복,4,텐서플로2 파이썬 머신러닝 완전정복
800,데이터 분석과 시각화,4,데이터 분석과 시각화
101,do it 안드로이드,4,do it 안드로이드
669,공부를 하고 싶습니다,4,공부를 하고 싶습니다
135,flutter 중급 http통신 상태관리,4,flutter 중급 http통신 상태관리
1720,텐서플로2 파이썬 머신러닝,4,텐서플로2 파이썬 머신러닝
879,리엑트 js로 서비스 만들기,4,리엑트 js로 서비스 만들기
134,flutter 중급 http통신,4,flutter 중급 http통신
878,리엑트 js로 서비스,4,리엑트 js로 서비스
721,관심있는 인프런 강의명 파이썬,4,관심있는 인프런 강의명 파이썬
839,따라하며 배우는 노드,4,따라하며 배우는 노드
773,날개를 달아주는 sass,3,날개를 달아주는 sass
1224,애플리케이션 개발 실전 스프링,3,애플리케이션 개발 실전 스프링
1906,프로젝트를 위한 실전강의,3,프로젝트를 위한 실전강의
1222,알아보는 함수형 프로그래밍,3,알아보는 함수형 프로그래밍
1227,애플리케이션 취약점 분석,3,애플리케이션 취약점 분석
153,https www inflearn com,3,https www inflearn com
1228,애플리케이션 취약점 분석 입문부터,3,애플리케이션 취약점 분석 입문부터
772,끝장내기 실무에 필요한 모든,3,끝장내기 실무에 필요한 모든
771,끝장내기 실무에 필요한,3,끝장내기 실무에 필요한
1232,앱개발 심화 2단계,3,앱개발 심화 2단계
1233,언리얼 게임 개발,3,언리얼 게임 개발
774,날개를 달아주는 sass scss,3,날개를 달아주는 sass scss
1221,알아보기 js flow,3,알아보기 js flow
881,리엑트 native로 웹앱,3,리엑트 native로 웹앱
1235,엑셀 quick start,3,엑셀 quick start
1258,예제로 배우는 스프링 입문,3,예제로 배우는 스프링 입문
1266,완전정복 gan bert,3,완전정복 gan bert
1265,완전 정복 로드맵,3,완전 정복 로드맵
1264,완벽 이해하기 with 자바,3,완벽 이해하기 with 자바
1263,완벽 이해하기 with,3,완벽 이해하기 with
1262,완벽 가이드 실무 프로젝트를 위한 실전강의,3,완벽 가이드 실무 프로젝트를
762,기술 스프링 부트 개념과,3,기술 스프링 부트 개념과
457,vue js 끝장내기,3,vue js 끝장내기
374,rnn cnn 최신기법,3,rnn cnn 최신기법
1557,장의 문서로 데이터 분석과,3,장의 문서로 데이터 분석과
458,vue js 끝장내기 실무에,3,vue js 끝장내기 실무에
1947,해외취업 asp net core,3,해외취업 asp net core
1214,안드로이드 인스타그램 클론,3,안드로이드 인스타그램 클론
1240,여러가지 예제 실습,3,여러가지 예제 실습
770,끝내는 go언어 프로그래밍 핵심 기초 입문,3,끝내는 go언어 프로그래밍 핵심
1215,안드로이드 인스타그램 클론 만들기,3,안드로이드 인스타그램 클론 만들기
776,네트워크 패킷 분석 입문,3,네트워크 패킷 분석 입문
1213,안드로이드 앱개발 심화 2단계,3,안드로이드 앱개발 심화 2단계
304,net core 웹개발 기본,3,net core 웹개발 기본
236,js es6 vuex vue,3,js es6 vuex vue
136,forensic 전문가 과정,3,forensic 전문가 과정
303,net core 웹개발,3,net core 웹개발
1164,시작하시는 분들을 위한,3,시작하시는 분들을 위한
499,www inflearn com,3,www inflearn com
500,www inflearn com course,3,www inflearn com course
44,asp net core,3,asp net core
45,asp net core 웹개발,3,asp net core 웹개발
48,autolayout 완벽 가이드,3,autolayout 완벽 가이드
801,데이터 분석과 시각화 뽀개기,3,데이터 분석과 시각화 뽀개기
1145,시리즈 유튜브 사이트 만들기,3,시리즈 유튜브 사이트 만들기
1144,시리즈 유튜브 사이트,3,시리즈 유튜브 사이트
510,가이드 실무 프로젝트를 위한 실전강의,3,가이드 실무 프로젝트를 위한
1589,제주코딩베이스캠프 code festival 자바스크립트,3,제주코딩베이스캠프 code festival 자바스크립트
49,autolayout 완벽 가이드 실무,3,autolayout 완벽 가이드 실무
1134,스프링 프레임워크 핵심 기술 스프링 부트,3,스프링 프레임워크 핵심 기술
52,bert rnn cnn,3,bert rnn cnn
795,데이터 jpa 실전,3,데이터 jpa 실전
792,달아주는 sass scss,3,달아주는 sass scss
1212,안드로이드 앱개발 심화,3,안드로이드 앱개발 심화
882,리엑트 native로 웹앱 모바일,3,리엑트 native로 웹앱 모바일
152,https www inflearn,3,https www inflearn
775,네트워크 패킷 분석,3,네트워크 패킷 분석
1209,악성코드 샘플 분석,3,악성코드 샘플 분석
761,기술 스프링 부트,3,기술 스프링 부트
228,jpa 활용1 애플리케이션 개발 실전 스프링,3,jpa 활용1 애플리케이션 개발
1206,싶습니다 관심있는 강의,3,싶습니다 관심있는 강의
1204,싶습니다 관심 있는 인프런,3,싶습니다 관심 있는 인프런
1203,싶습니다 관심 있는,3,싶습니다 관심 있는
483,vuex vue js,3,vuex vue js
780,노드 리액트 시리즈 유튜브,3,노드 리액트 시리즈 유튜브
107,es6 vue js,3,es6 vue js
1983,활용 스프링 프레임워크,3,활용 스프링 프레임워크
1982,활용 스프링 시큐리티,3,활용 스프링 시큐리티
139,gan bert rnn,3,gan bert rnn
651,게임을 만들어보며 배우는 언리얼 게임 개발,3,게임을 만들어보며 배우는 언리얼
1185,실무에 필요한 모든,3,실무에 필요한 모든
140,gan bert rnn cnn,3,gan bert rnn cnn
1267,완전정복 gan bert rnn,3,완전정복 gan bert rnn
1276,요즘 누가 유료로,3,요즘 누가 유료로
1703,테스트 top 기본 문제 with,3,테스트 top 기본 문제
719,관심있는 인프런 강의명 스프링,3,관심있는 인프런 강의명 스프링
1933,한해가 되었으면 합니다,3,한해가 되었으면 합니다
17,2020년 공부 목표 현재,3,2020년 공부 목표 현재
1417,인프런 강의명 프로그래밍,3,인프런 강의명 프로그래밍
1826,패킷 분석 입문 악성코드,3,패킷 분석 입문 악성코드
1411,인프런 강의명 스프링,3,인프런 강의명 스프링
1825,패킷 분석 입문,3,패킷 분석 입문
1509,자바 프로그래밍 입문강좌,3,자바 프로그래밍 입문강좌
160,inflearn com course,3,inflearn com course
1667,코딩 테스트 top 기본 문제 with,3,코딩 테스트 top 기본
1272,왕초보 블록체인 개념,3,왕초보 블록체인 개념
200,it취업을 위한 알고리즘,3,it취업을 위한 알고리즘
1390,인스타그램 클론 만들기,3,인스타그램 클론 만들기
201,it취업을 위한 알고리즘 입문,3,it취업을 위한 알고리즘 입문
1836,포렌식 digital forensic,3,포렌식 digital forensic
1387,인공지능 머신러닝까지 학습 로드맵,3,인공지능 머신러닝까지 학습 로드맵
1386,인공지능 머신러닝까지 학습,3,인공지능 머신러닝까지 학습
1385,이해하기 with 자바,3,이해하기 with 자바
1521,자바스크립트 node js,3,자바스크립트 node js
166,ios autolayout 완벽,3,ios autolayout 완벽
681,관심강좌 따라하며 배우는,3,관심강좌 따라하며 배우는
189,iot프로젝트 원격모니터링 자동차,3,iot프로젝트 원격모니터링 자동차
1863,프레임워크 핵심 기술 스프링 부트,3,프레임워크 핵심 기술 스프링
1473,자료구조 여러가지 예제 실습,3,자료구조 여러가지 예제 실습
1472,자료구조 여러가지 예제,3,자료구조 여러가지 예제
1480,자바 기반 android,3,자바 기반 android
1481,자바 기반 android pie,3,자바 기반 android pie
688,관심과목 스프링 프레임워크 핵심,3,관심과목 스프링 프레임워크 핵심
394,spring data jpa,3,spring data jpa
395,spring framework 커리큘럼,3,spring framework 커리큘럼
396,spring mvc spring,3,spring mvc spring
397,spring mvc spring 핵심강의,3,spring mvc spring 핵심강의
687,관심과목 스프링 프레임워크,3,관심과목 스프링 프레임워크
399,spring 완전 정복,3,spring 완전 정복
1680,코틀린 기반 안드로이드 앱개발 심화,3,코틀린 기반 안드로이드 앱개발
400,spring 완전 정복 로드맵,3,spring 완전 정복 로드맵
1445,입문 악성코드 샘플 분석,3,입문 악성코드 샘플 분석
1444,입문 악성코드 샘플,3,입문 악성코드 샘플
1932,한해가 되었으면 좋겠습니다,3,한해가 되었으면 좋겠습니다
167,ios autolayout 완벽 가이드,3,ios autolayout 완벽 가이드
1837,포렌식 digital forensic 전문가,3,포렌식 digital forensic 전문가
724,관심있는 인프런 강의명 프로그래밍,3,관심있는 인프런 강의명 프로그래밍
1381,이용한 홈페이지 개발,3,이용한 홈페이지 개발
1317,위한 모의해킹 완전 정복,3,위한 모의해킹 완전 정복
432,unity 2d 시작부터 배포까지,3,unity 2d 시작부터 배포까지
23,2d 시작부터 배포까지,3,2d 시작부터 배포까지
747,기반 rest api 개발 스프링 시큐리티,3,기반 rest api 개발
666,공부 목표 현재,3,공부 목표 현재
749,기반 안드로이드 앱개발 심화,3,기반 안드로이드 앱개발 심화
1304,위한 딥러닝 deep reinforcement,3,위한 딥러닝 deep reinforcement
1303,위한 딥러닝 deep,3,위한 딥러닝 deep
1297,위한 es6 강좌,3,위한 es6 강좌
444,vue js es6 vuex vue,3,vue js es6 vuex
1292,웹앱 모바일 프로젝트 만들기,3,웹앱 모바일 프로젝트 만들기
1291,웹앱 모바일 프로젝트,3,웹앱 모바일 프로젝트
753,기본부터 인공지능 머신러닝까지,3,기본부터 인공지능 머신러닝까지
754,기본부터 인공지능 머신러닝까지 학습,3,기본부터 인공지능 머신러닝까지 학습
1556,장의 문서로 데이터,3,장의 문서로 데이터
1277,웹개발 기본 강좌,3,웹개발 기본 강좌
1130,스프링 프레임워크 입문,3,스프링 프레임워크 입문
1273,왕초보 블록체인 개념 완벽,3,왕초보 블록체인 개념 완벽
1316,위한 모의해킹 완전,3,위한 모의해킹 완전
1547,자바스크립트로 알아보는 함수형 프로그래밍,3,자바스크립트로 알아보는 함수형 프로그래밍
676,관심 있는 강의,3,관심 있는 강의
1546,자바스크립트로 알아보는 함수형,3,자바스크립트로 알아보는 함수형
1525,자바스크립트 개발을 위한 es6,3,자바스크립트 개발을 위한 es6
1698,클레이튼 블록체인 어플리케이션,3,클레이튼 블록체인 어플리케이션
670,공부를 해보고 싶습니다,3,공부를 해보고 싶습니다
1363,유튜브 사이트 만들기,3,유튜브 사이트 만들기
1699,클레이튼 블록체인 어플리케이션 만들기,3,클레이튼 블록체인 어플리케이션 만들기
741,기반 android pie,3,기반 android pie
1354,유니티 게임 개발 unity,3,유니티 게임 개발 unity
742,기반 android pie app,3,기반 android pie app
1350,윈도우즈 애플리케이션 취약점 분석,3,윈도우즈 애플리케이션 취약점 분석
1349,윈도우즈 애플리케이션 취약점,3,윈도우즈 애플리케이션 취약점
1532,자바스크립트 자바스크립트 개발을 위한 es6,3,자바스크립트 자바스크립트 개발을 위한
1542,자바스크립트 핵심 개념,3,자바스크립트 핵심 개념
1946,해외취업 asp net,3,해외취업 asp net
1986,활용1 애플리케이션 개발 실전 스프링,3,활용1 애플리케이션 개발 실전
431,unity 2d 시작부터,3,unity 2d 시작부터
1543,자바스크립트 핵심 개념 알아보기,3,자바스크립트 핵심 개념 알아보기
1322,위한 신입 자바,3,위한 신입 자바
53,bert rnn cnn 최신기법,3,bert rnn cnn 최신기법
1180,실무 프로젝트를 위한 실전강의,3,실무 프로젝트를 위한 실전강의
863,리버싱 분석 초급과정 리버스쿨,3,리버싱 분석 초급과정 리버스쿨
76,css에 날개를 달아주는,3,css에 날개를 달아주는
1966,핵심 개념 알아보기 js,3,핵심 개념 알아보기 js
1021,분석과 시각화 뽀개기,3,분석과 시각화 뽀개기
833,따라하며 배우는 c언어 따라하며,3,따라하며 배우는 c언어 따라하며
1956,해킹 해커의 컴퓨팅,3,해킹 해커의 컴퓨팅
623,개발을 위한 es6,3,개발을 위한 es6
916,모던 자바스크립트 자바스크립트 개발을 위한 es6,3,모던 자바스크립트 자바스크립트 개발을
594,개발 unity 2d 시작부터,3,개발 unity 2d 시작부터
560,강의명 함수형 프로그래밍과 자바스크립트,3,강의명 함수형 프로그래밍과 자바스크립트
559,강의명 함수형 프로그래밍과,3,강의명 함수형 프로그래밍과
1740,파이썬 기본부터 인공지능,3,파이썬 기본부터 인공지능
867,리액트 처음이시라구요 리엑트,3,리액트 처음이시라구요 리엑트
1028,블록체인 개념 완벽,3,블록체인 개념 완벽
593,개발 unity 2d,3,개발 unity 2d
1029,블록체인 개념 완벽 이해하기,3,블록체인 개념 완벽 이해하기
342,pbr 리얼타임 캐릭터 제작,3,pbr 리얼타임 캐릭터 제작
74,css3를 이용한 홈페이지,3,css3를 이용한 홈페이지
829,딥러닝 완전정복 gan bert,3,딥러닝 완전정복 gan bert
828,딥러닝 완전정복 gan,3,딥러닝 완전정복 gan
301,native로 웹앱 모바일 프로젝트,3,native로 웹앱 모바일 프로젝트
868,리액트 처음이시라구요 리엑트 js로,3,리액트 처음이시라구요 리엑트 js로
912,머신러링 완벽 가이드,3,머신러링 완벽 가이드
300,native로 웹앱 모바일,3,native로 웹앱 모바일
77,css에 날개를 달아주는 sass,3,css에 날개를 달아주는 sass
911,머신러닝까지 학습 로드맵,3,머신러닝까지 학습 로드맵
864,리액트 시리즈 유튜브,3,리액트 시리즈 유튜브
550,강의명 스프링 시큐리티,3,강의명 스프링 시큐리티
1051,새해 많이 받으세요,3,새해 많이 받으세요
1052,새해복 많이 받으세요,3,새해복 많이 받으세요
1053,서버 네트워크 강좌,3,서버 네트워크 강좌
854,리눅스 서버 네트워크,3,리눅스 서버 네트워크
1017,분석 초급과정 리버스쿨,3,분석 초급과정 리버스쿨
918,모두를 위한 딥러닝 deep,3,모두를 위한 딥러닝 deep
1015,분석 입문부터 활용까지,3,분석 입문부터 활용까지
1013,분석 입문 악성코드 샘플,3,분석 입문 악성코드 샘플
847,라즈베리파이 iot프로젝트 원격모니터링 자동차,3,라즈베리파이 iot프로젝트 원격모니터링 자동차
846,라즈베리파이 iot프로젝트 원격모니터링,3,라즈베리파이 iot프로젝트 원격모니터링
927,문서로 데이터 분석과,3,문서로 데이터 분석과
926,목표입니다 관심 있는,3,목표입니다 관심 있는
1645,취업을 위한 신입 자바,3,취업을 위한 신입 자바
276,klaytn 클레이튼 블록체인 어플리케이션,3,klaytn 클레이튼 블록체인 어플리케이션
75,css3를 이용한 홈페이지 개발,3,css3를 이용한 홈페이지 개발
354,redux vs mobx,3,redux vs mobx
275,klaytn 클레이튼 블록체인,3,klaytn 클레이튼 블록체인
845,따라하면서 배우는 c언어,3,따라하면서 배우는 c언어
1644,취업을 위한 신입,3,취업을 위한 신입
1741,파이썬 기본부터 인공지능 머신러닝까지,3,파이썬 기본부터 인공지능 머신러닝까지
925,모의해킹 완전 정복,3,모의해킹 완전 정복
924,모바일 프로젝트 만들기,3,모바일 프로젝트 만들기
1965,핵심 개념 알아보기,3,핵심 개념 알아보기
865,리액트 시리즈 유튜브 사이트,3,리액트 시리즈 유튜브 사이트
71,core 웹개발 기본 강좌,3,core 웹개발 기본 강좌
931,문제로 배우는 c언어,3,문제로 배우는 c언어
979,벡터 미적분학 시리즈1,3,벡터 미적분학 시리즈1
842,따라하며 배우는 노드 리액트 시리즈 유튜브,3,따라하며 배우는 노드 리액트
1643,취약점 분석 입문부터 활용까지,3,취약점 분석 입문부터 활용까지
1642,취약점 분석 입문부터,3,취약점 분석 입문부터
111,es6 vuex vue js,3,es6 vuex vue js
1641,취미로 해킹 해커의 컴퓨팅,3,취미로 해킹 해커의 컴퓨팅
1640,취미로 해킹 해커의,3,취미로 해킹 해커의
70,core 웹개발 기본,3,core 웹개발 기본
1639,취미로 해킹 시리즈,3,취미로 해킹 시리즈
624,개발을 위한 es6 강좌,3,개발을 위한 es6 강좌
1012,분석 입문 악성코드,3,분석 입문 악성코드
1055,성공하는 것이 목표입니다,3,성공하는 것이 목표입니다
89,deep reinforcement learning,3,deep reinforcement learning
939,배우는 c언어 따라하며,3,배우는 c언어 따라하며
525,강의 파이썬 머신러닝,3,강의 파이썬 머신러닝
1618,처음이시라구요 리엑트 js로 서비스,3,처음이시라구요 리엑트 js로 서비스
855,리눅스 서버 네트워크 강좌,3,리눅스 서버 네트워크 강좌
1100,스프링 데이터 jpa 실전,3,스프링 데이터 jpa 실전
901,만들며 배우는 리엑트,3,만들며 배우는 리엑트
522,강의 스프링 mvc,3,강의 스프링 mvc
1940,합니다 관심있는 인프런,3,합니다 관심있는 인프런
585,개념 완벽 이해하기,3,개념 완벽 이해하기
956,배우는 언리얼 게임 개발,3,배우는 언리얼 게임 개발
108,es6 vue js 완벽,3,es6 vue js 완벽
811,되기 위한 모의해킹,3,되기 위한 모의해킹
895,만들기 누구든지 하는 리액트,3,만들기 누구든지 하는 리액트
894,만들기 누구든지 하는,3,만들기 누구든지 하는
252,js 끝장내기 실무에 필요한,3,js 끝장내기 실무에 필요한
876,리얼타임 캐릭터 제작,3,리얼타임 캐릭터 제작
604,개발 실전 스프링,3,개발 실전 스프링
290,mvc spring 핵심강의,3,mvc spring 핵심강의
810,도움을 많이 받고,3,도움을 많이 받고
1979,화이트해커가 되기 위한 모의해킹,3,화이트해커가 되기 위한 모의해킹
251,js 끝장내기 실무에,3,js 끝장내기 실무에
341,pbr 리얼타임 캐릭터,3,pbr 리얼타임 캐릭터
877,리엑트 express를 이용한,3,리엑트 express를 이용한
95,digital forensic 전문가,3,digital forensic 전문가
584,개념 알아보기 js flow,3,개념 알아보기 js flow
954,배우는 스프링 입문,3,배우는 스프링 입문
96,digital forensic 전문가 과정,3,digital forensic 전문가 과정
583,개념 알아보기 js,3,개념 알아보기 js
83,c언어 따라하며 배우는,3,c언어 따라하며 배우는
951,배우는 노드 리액트 시리즈 유튜브,3,배우는 노드 리액트 시리즈
110,es6 vuex vue,3,es6 vuex vue
812,되기 위한 모의해킹 완전,3,되기 위한 모의해킹 완전
963,배워보는 vue js es6 vuex vue,3,배워보는 vue js es6
639,게임 개발 unity 2d,3,게임 개발 unity 2d
586,개념 완벽 이해하기 with,3,개념 완벽 이해하기 with
549,강의명 따라하며 배우는,3,강의명 따라하며 배우는
1969,핵심 기술 스프링 부트,3,핵심 기술 스프링 부트
940,배우는 c언어 따라하며 배우는,3,배우는 c언어 따라하며 배우는
1754,파이썬 딥러닝 완전정복,3,파이썬 딥러닝 완전정복
1755,파이썬 딥러닝 완전정복 gan,3,파이썬 딥러닝 완전정복 gan
144,go언어 프로그래밍 핵심 기초 입문,3,go언어 프로그래밍 핵심 기초
1758,파이썬 라즈베리파이 iot프로젝트,3,파이썬 라즈베리파이 iot프로젝트
1617,처음이시라구요 리엑트 js로,3,처음이시라구요 리엑트 js로
1616,처음 시작하는 파이썬,3,처음 시작하는 파이썬
1759,파이썬 라즈베리파이 iot프로젝트 원격모니터링,3,파이썬 라즈베리파이 iot프로젝트 원격모니터링
822,딥러닝 deep reinforcement learning,3,딥러닝 deep reinforcement learning
590,개념과 활용 스프링 프레임워크,3,개념과 활용 스프링 프레임워크
821,딥러닝 deep reinforcement,3,딥러닝 deep reinforcement
905,만들어보며 배우는 언리얼 게임 개발,3,만들어보며 배우는 언리얼 게임
928,문서로 데이터 분석과 시각화,3,문서로 데이터 분석과 시각화
605,개발 실전 스프링 부트와,3,개발 실전 스프링 부트와
1772,파이썬 머신러링 완벽 가이드,3,파이썬 머신러링 완벽 가이드
818,디지털 포렌식 digital forensic,3,디지털 포렌식 digital forensic
1079,쉽고 빠르게 끝내는 go언어,3,쉽고 빠르게 끝내는 go언어
817,디지털 포렌식 digital,3,디지털 포렌식 digital
638,게임 개발 unity,3,게임 개발 unity
1771,파이썬 머신러링 완벽,3,파이썬 머신러링 완벽
1941,합니다 관심있는 인프런 강의명,3,합니다 관심있는 인프런 강의명
875,리액트로 구현하는 블록체인,3,리액트로 구현하는 블록체인
693,관심있는 강의 스프링,3,관심있는 강의 스프링
1920,하는 것이 목표입니다,2,하는 것이 목표입니다
1697,클래스의 이해와 객체지향 프로그래밍,2,클래스의 이해와 객체지향 프로그래밍
1957,해킹과 모의해킹 현업에,2,해킹과 모의해킹 현업에
1868,프로그래밍 ios12 개발 퍼펙트,2,프로그래밍 ios12 개발 퍼펙트
1867,프로그래밍 ios12 개발,2,프로그래밍 ios12 개발
1887,프로그래밍 파이썬 중급,2,프로그래밍 파이썬 중급
1527,자바스크립트 개발을 위한 es6 강좌 생활코딩,2,자바스크립트 개발을 위한 es6
1522,자바스크립트 vue js,2,자바스크립트 vue js
1595,주는 엑셀 quick,2,주는 엑셀 quick
1668,코딩의민족 제작 android,2,코딩의민족 제작 android
1516,자바스크립트 es6 제대로 알아보기 초급 자바스크립트,2,자바스크립트 es6 제대로 알아보기
1997,활용한 메신져 만들기,2,활용한 메신져 만들기
1925,하는 크롤링 입문편,2,하는 크롤링 입문편
1926,하는 텍스트마이닝 top,2,하는 텍스트마이닝 top
1491,자바 스프링 프레임워크강좌,2,자바 스프링 프레임워크강좌
1927,하는 텍스트마이닝 top keyword부터,2,하는 텍스트마이닝 top keyword부터
1728,통한 파이썬 텍스트 분석과,2,통한 파이썬 텍스트 분석과
1488,자바 스프링 프레임워크 renewal,2,자바 스프링 프레임워크 renewal
1682,크롤링 web crawling,2,크롤링 web crawling
1727,통한 파이썬 텍스트,2,통한 파이썬 텍스트
1683,크롤링 web crawling 어플리케이션,2,크롤링 web crawling 어플리케이션
1881,프로그래밍 완벽 이해,2,프로그래밍 완벽 이해
1880,프로그래밍 언어 재정비,2,프로그래밍 언어 재정비
1479,자바 개발자 로드맵,2,자바 개발자 로드맵
1478,자바 spring jpa,2,자바 spring jpa
1690,크롤링으로 데이터 추출 입문부터,2,크롤링으로 데이터 추출 입문부터
1878,프로그래밍 시작하기 파이썬 입문 공공데이터로,2,프로그래밍 시작하기 파이썬 입문
1998,활용한 메신져 만들기 android,2,활용한 메신져 만들기 android
1961,핵심 강좌 tdd 개발,2,핵심 강좌 tdd 개발
1495,자바 애플리케이션을 테스트하는 다양한 방법 스프링,2,자바 애플리케이션을 테스트하는 다양한
1865,프레임워크 핵심 기술 자바,2,프레임워크 핵심 기술 자바
1943,합니다 파이썬 머신러닝 완벽,2,합니다 파이썬 머신러닝 완벽
1824,파이참 pycharm 핵심 가이드,2,파이참 pycharm 핵심 가이드
1934,함수형 프로그래밍과 es6,2,함수형 프로그래밍과 es6
1669,코딩의민족 제작 android kotlin,2,코딩의민족 제작 android kotlin
1670,코딩테스트 대비 제주코딩베이스캠프,2,코딩테스트 대비 제주코딩베이스캠프
1671,코딩테스트 대비 제주코딩베이스캠프 code,2,코딩테스트 대비 제주코딩베이스캠프 code
1964,핵심 강좌 리엑트,2,핵심 강좌 리엑트
1696,클래스의 이해와 객체지향,2,클래스의 이해와 객체지향
1661,코드를 조작하는 다양한 방법 스프링,2,코드를 조작하는 다양한 방법
1994,활용한 데이터분석과 it보안,2,활용한 데이터분석과 it보안
1502,자바 클래스의 이해와,2,자바 클래스의 이해와
1501,자바 코드를 조작하는 다양한 방법 스프링,2,자바 코드를 조작하는 다양한
1497,자바 자바 개발자 로드맵,2,자바 자바 개발자 로드맵
1496,자바 자바 개발자,2,자바 자바 개발자
1858,프레임워크 renewal ver 신입,2,프레임워크 renewal ver 신입
1835,페이스북 퍼포먼스 마케팅,2,페이스북 퍼포먼스 마케팅
1960,핵심 강좌 tdd,2,핵심 강좌 tdd
1503,자바 클래스의 이해와 객체지향,2,자바 클래스의 이해와 객체지향
1551,자유롭게 구사하는 기술 보유하여,2,자유롭게 구사하는 기술 보유하여
1919,하나 firebase의 모든것,2,하나 firebase의 모든것
1605,지금 당장 성과내기,2,지금 당장 성과내기
1954,해킹 프로토스타 완벽,2,해킹 프로토스타 완벽
1972,핵심 기술 자바,2,핵심 기술 자바
1606,지금 당장 성과내기 페이스북,2,지금 당장 성과내기 페이스북
1710,테스트하는 다양한 방법 스프링,2,테스트하는 다양한 방법 스프링
1803,파이썬으로 장고 django,2,파이썬으로 장고 django
1763,파이썬 머신러닝 완벽 가이드 권철민,2,파이썬 머신러닝 완벽 가이드
1804,파이썬으로 장고 django 공략하기,2,파이썬으로 장고 django 공략하기
1843,풀스택 로드맵 트위터 클론앱,2,풀스택 로드맵 트위터 클론앱
1712,텍스트 분석과 자연어,2,텍스트 분석과 자연어
1620,초급 자바스크립트 es6,2,초급 자바스크립트 es6
1621,초급 자바스크립트 es6 제대로,2,초급 자바스크립트 es6 제대로
1713,텍스트 분석과 자연어 처리,2,텍스트 분석과 자연어 처리
1907,프로토스타 완벽 풀이집,2,프로토스타 완벽 풀이집
1750,파이썬 데이터시각화 분석 실전 프로젝트 파이썬,2,파이썬 데이터시각화 분석 실전
1624,초급과정 리버스쿨 level2,2,초급과정 리버스쿨 level2
1714,텍스트마이닝 top keyword부터,2,텍스트마이닝 top keyword부터
1809,파이썬을 이용한 크롤링,2,파이썬을 이용한 크롤링
1800,파이썬 프로그래밍 완벽 이해,2,파이썬 프로그래밍 완벽 이해
1578,제대로 알아보기 초급 자바스크립트,2,제대로 알아보기 초급 자바스크립트
1625,초급과정 리버스쿨 level2 리버싱,2,초급과정 리버스쿨 level2 리버싱
1581,제작 android kotlin,2,제작 android kotlin
1785,파이썬 입문 공공데이터로 파이썬,2,파이썬 입문 공공데이터로 파이썬
1784,파이썬 입문 공공데이터로,2,파이썬 입문 공공데이터로
1592,조작하는 다양한 방법 스프링,2,조작하는 다양한 방법 스프링
1958,해킹과 모의해킹 현업에 대한,2,해킹과 모의해킹 현업에 대한
1846,풀스택개발 boot camp 입문부터,2,풀스택개발 boot camp 입문부터
1845,풀스택개발 boot camp,2,풀스택개발 boot camp
1781,파이썬 알고리즘 문제풀이 코딩테스트 대비 제주코딩베이스캠프,2,파이썬 알고리즘 문제풀이 코딩테스트
1792,파이썬 크롤링으로 데이터,2,파이썬 크롤링으로 데이터
1793,파이썬 크롤링으로 데이터 추출,2,파이썬 크롤링으로 데이터 추출
1977,현직 개발자 입니다 올해는,2,현직 개발자 입니다 올해는
1796,파이썬 텍스트 분석과,2,파이썬 텍스트 분석과
1797,파이썬 텍스트 분석과 자연어,2,파이썬 텍스트 분석과 자연어
1799,파이썬 프로그래밍 완벽,2,파이썬 프로그래밍 완벽
1902,프로젝트 파이썬 머신러닝,2,프로젝트 파이썬 머신러닝
1976,현직 개발자 입니다,2,현직 개발자 입니다
1975,현업에 대한 이야기,2,현업에 대한 이야기
1903,프로젝트 파이썬 머신러닝 완벽,2,프로젝트 파이썬 머신러닝 완벽
1715,텍스트마이닝 top keyword부터 감성분석까지,2,텍스트마이닝 top keyword부터 감성분석까지
1955,해킹 프로토스타 완벽 풀이집,2,해킹 프로토스타 완벽 풀이집
1918,하고 있는데 올해는,2,하고 있는데 올해는
1550,자유롭게 구사하는 기술,2,자유롭게 구사하는 기술
1842,풀스택 로드맵 트위터,2,풀스택 로드맵 트위터
1916,프리다를 이용한 모의해킹,2,프리다를 이용한 모의해킹
1656,취업을 하고 싶습니다,2,취업을 하고 싶습니다
1739,파이썬 관련 강의들,2,파이썬 관련 강의들
1917,하고 싶습니다 관심강좌,2,하고 싶습니다 관심강좌
1700,클레이튼 블록체인 어플리케이션 만들기 토큰,2,클레이튼 블록체인 어플리케이션 만들기
1945,해서 좋은 개발자가,2,해서 좋은 개발자가
1738,트위터 클론앱 만들기,2,트위터 클론앱 만들기
1539,자바스크립트 풀스택 로드맵 트위터,2,자바스크립트 풀스택 로드맵 트위터
1839,포렌식 전문가 과정,2,포렌식 전문가 과정
1820,파이어베이스를 활용한 메신져,2,파이어베이스를 활용한 메신져
1538,자바스크립트 풀스택 로드맵,2,자바스크립트 풀스택 로드맵
1821,파이어베이스를 활용한 메신져 만들기,2,파이어베이스를 활용한 메신져 만들기
1823,파이참 pycharm 핵심,2,파이참 pycharm 핵심
1857,프레임워크 renewal ver,2,프레임워크 renewal ver
1724,통찰력을 주는 엑셀,2,통찰력을 주는 엑셀
1725,통찰력을 주는 엑셀 quick,2,통찰력을 주는 엑셀 quick
1646,취업을 위한 신입 자바 자바,2,취업을 위한 신입 자바
1596,주는 엑셀 quick start,2,주는 엑셀 quick start
1716,텐서플로2 파이썬 딥러닝,2,텐서플로2 파이썬 딥러닝
1914,프리다 frida 이용한 안드로이드,2,프리다 frida 이용한 안드로이드
1810,파이썬을 이용한 크롤링 web,2,파이썬을 이용한 크롤링 web
1909,프론트엔드 영역 자유롭게,2,프론트엔드 영역 자유롭게
1951,해킹 대회를 위한 시스템,2,해킹 대회를 위한 시스템
1950,해킹 대회를 위한,2,해킹 대회를 위한
1910,프론트엔드 영역 자유롭게 구사하는,2,프론트엔드 영역 자유롭게 구사하는
1561,저자의 red hat centos7,2,저자의 red hat centos7
1560,저자의 red hat,2,저자의 red hat
1636,초심자를 위한 리엑트 핵심 강좌 tdd,2,초심자를 위한 리엑트 핵심
1638,추출 입문부터 실습까지,2,추출 입문부터 실습까지
1717,텐서플로2 파이썬 딥러닝 완전정복,2,텐서플로2 파이썬 딥러닝 완전정복
1813,파이썬을 활용한 데이터분석과,2,파이썬을 활용한 데이터분석과
1814,파이썬을 활용한 데이터분석과 it보안,2,파이썬을 활용한 데이터분석과 it보안
1942,합니다 파이썬 머신러닝,2,합니다 파이썬 머신러닝
1555,장고 django 공략하기 입문,2,장고 django 공략하기 입문
1554,장고 django 공략하기,2,장고 django 공략하기
1815,파이썬을 활용한 선형대수학,2,파이썬을 활용한 선형대수학
1913,프리다 frida 이용한,2,프리다 frida 이용한
1689,크롤링으로 데이터 추출,2,크롤링으로 데이터 추출
0,12개 만들면서 배우는,2,12개 만들면서 배우는
1470,있습니다 열심히 공부해서,2,있습니다 열심히 공부해서
406,swift4 ios11 아이폰 ios,2,swift4 ios11 아이폰 ios
383,sns 만들기 node,2,sns 만들기 node
384,sns 만들기 누구든지,2,sns 만들기 누구든지
385,sns 만들기 누구든지 하는,2,sns 만들기 누구든지 하는
388,sns 만들기 신청완료,2,sns 만들기 신청완료
389,spring boot jpa,2,spring boot jpa
390,spring boot spring,2,spring boot spring
391,spring boot spring mvc,2,spring boot spring mvc
398,spring 관련 강좌,2,spring 관련 강좌
405,swift4 ios11 아이폰,2,swift4 ios11 아이폰
409,swift4 ios11 입문,2,swift4 ios11 입문
575,강좌 vue js 완벽,2,강좌 vue js 완벽
411,swiftui 개념 익히기,2,swiftui 개념 익히기
420,top keyword부터 감성분석까지,2,top keyword부터 감성분석까지
424,typescript with vue,2,typescript with vue
425,typescript with vue 실전,2,typescript with vue 실전
438,vs mobx 배우자,2,vs mobx 배우자
446,vue js jpa,2,vue js jpa
451,vue js 강의를,2,vue js 강의를
453,vue js 관련 강의들을,2,vue js 관련 강의들을
454,vue js 관련 강의를,2,vue js 관련 강의를
380,r로 하는 텍스트마이닝 top,2,r로 하는 텍스트마이닝 top
379,r로 하는 텍스트마이닝,2,r로 하는 텍스트마이닝
378,r로 하는 크롤링 입문편,2,r로 하는 크롤링 입문편
371,rest api 개발 스프링 데이터,2,rest api 개발 스프링
306,nlp imdb 영화리뷰,2,nlp imdb 영화리뷰
307,nlp imdb 영화리뷰 감정,2,nlp imdb 영화리뷰 감정
314,node js 웹개발로,2,node js 웹개발로
315,node js 웹개발로 알아보는,2,node js 웹개발로 알아보는
320,nodebird sns 만들기 node,2,nodebird sns 만들기 node
321,nodebird sns 만들기 누구든지,2,nodebird sns 만들기 누구든지
324,nodebird sns 만들기 신청완료,2,nodebird sns 만들기 신청완료
326,objective 강좌 12개,2,objective 강좌 12개
327,objective 강좌 12개 만들면서,2,objective 강좌 12개 만들면서
344,pie app 개발 기본,2,pie app 개발 기본
345,pie app 개발 심화,2,pie app 개발 심화
349,pycharm 핵심 가이드,2,pycharm 핵심 가이드
350,red hat centos7,2,red hat centos7
351,red hat centos7 리눅스,2,red hat centos7 리눅스
355,redux vs mobx 배우자,2,redux vs mobx 배우자
356,reinforcement learning 파이썬,2,reinforcement learning 파이썬
357,reinforcement learning 파이썬 머신러닝,2,reinforcement learning 파이썬 머신러닝
365,renewal ver 신입,2,renewal ver 신입
366,renewal ver 신입 프로그래머를,2,renewal ver 신입 프로그래머를
467,vue js 완벽 가이드 신청완료,2,vue js 완벽 가이드
477,vue 관련강의 다수,2,vue 관련강의 다수
478,vue 실전 프로젝트,2,vue 실전 프로젝트
529,강의 파이썬 알고리즘 문제풀이,2,강의 파이썬 알고리즘 문제풀이
531,강의 함수형 프로그래밍과 자바스크립트,2,강의 함수형 프로그래밍과 자바스크립트
533,강의는 1월 중순,2,강의는 1월 중순
534,강의를 듣고 싶습니다,2,강의를 듣고 싶습니다
535,강의를 인프런에서 들으면서,2,강의를 인프런에서 들으면서
536,강의를 인프런에서 들으면서 목표를,2,강의를 인프런에서 들으면서 목표를
537,강의명 flutter 입문,2,강의명 flutter 입문
538,강의명 flutter 입문 안드로이드,2,강의명 flutter 입문 안드로이드
541,강의명 opencv 파이썬,2,강의명 opencv 파이썬
542,강의명 opencv 파이썬 딥러닝,2,강의명 opencv 파이썬 딥러닝
545,강의명 vue js,2,강의명 vue js
546,강의명 vue js 완벽,2,강의명 vue js 완벽
551,강의명 파이썬 알고리즘,2,강의명 파이썬 알고리즘
552,강의명 파이썬 알고리즘 문제풀이,2,강의명 파이썬 알고리즘 문제풀이
555,강의명 프로그래밍 시작하기,2,강의명 프로그래밍 시작하기
556,강의명 프로그래밍 시작하기 파이썬,2,강의명 프로그래밍 시작하기 파이썬
562,강좌 12개 만들면서,2,강좌 12개 만들면서
563,강좌 12개 만들면서 배우는,2,강좌 12개 만들면서 배우는
570,강좌 tdd 개발,2,강좌 tdd 개발
571,강좌 tdd 개발 방법론을,2,강좌 tdd 개발 방법론을
530,강의 함수형 프로그래밍과,2,강의 함수형 프로그래밍과
528,강의 파이썬 알고리즘,2,강의 파이썬 알고리즘
484,vuex vue js 완벽,2,vuex vue js 완벽
526,강의 파이썬 머신러닝 완벽,2,강의 파이썬 머신러닝 완벽
492,vue로 nodebird sns 만들기 신청완료,2,vue로 nodebird sns 만들기
493,web crawling 어플리케이션,2,web crawling 어플리케이션
494,web crawling 어플리케이션 만들기,2,web crawling 어플리케이션 만들기
495,with vue 실전,2,with vue 실전
496,with vue 실전 프로젝트,2,with vue 실전 프로젝트
501,www inflearn com course flutter,2,www inflearn com course
502,가면서 배우는 자바,2,가면서 배우는 자바
503,가면서 배우는 자바 플레이그라운드,2,가면서 배우는 자바 플레이그라운드
504,가이드 신청완료 vue로,2,가이드 신청완료 vue로
505,가이드 신청완료 vue로 nodebird,2,가이드 신청완료 vue로 nodebird
511,가이드 케라스 인공지능의,2,가이드 케라스 인공지능의
512,가이드 케라스 인공지능의 공용어,2,가이드 케라스 인공지능의 공용어
514,감정 분석을 통한,2,감정 분석을 통한
515,감정 분석을 통한 파이썬,2,감정 분석을 통한 파이썬
518,강의 딥러닝 완전정복,2,강의 딥러닝 완전정복
519,강의 리엑트로 nodebird,2,강의 리엑트로 nodebird
520,강의 리엑트로 nodebird sns,2,강의 리엑트로 nodebird sns
523,강의 스프링 시큐리티,2,강의 스프링 시큐리티
524,강의 스프링 프레임워크,2,강의 스프링 프레임워크
296,mvc 스프링 부트 개념과,2,mvc 스프링 부트 개념과
295,mvc 스프링 부트,2,mvc 스프링 부트
289,malware 분석 입문 과정,2,malware 분석 입문 과정
62,cc 일러스트레이터 입문부터,2,cc 일러스트레이터 입문부터
64,centos7 리눅스 서버,2,centos7 리눅스 서버
65,centos7 리눅스 서버 네트워크,2,centos7 리눅스 서버 네트워크
69,com course flutter,2,com course flutter
72,crawling 어플리케이션 만들기,2,crawling 어플리케이션 만들기
79,c로 배우는 자료구조,2,c로 배우는 자료구조
80,c로 배우는 자료구조 여러가지,2,c로 배우는 자료구조 여러가지
90,deep reinforcement learning 파이썬,2,deep reinforcement learning 파이썬
97,django 공략하기 입문,2,django 공략하기 입문
112,es6 vuex vue js 완벽,2,es6 vuex vue js
114,es6 강좌 생활코딩,2,es6 강좌 생활코딩
115,es6 강좌 생활코딩 리엑트,2,es6 강좌 생활코딩 리엑트
119,es6 제대로 알아보기 초급 자바스크립트,2,es6 제대로 알아보기 초급
125,express 이용한 어플리케이션,2,express 이용한 어플리케이션
126,express 이용한 어플리케이션 개발하기,2,express 이용한 어플리케이션 개발하기
127,express를 이용한 어플리케이션,2,express를 이용한 어플리케이션
128,express를 이용한 어플리케이션 개발하기,2,express를 이용한 어플리케이션 개발하기
129,flutter 인스타그램 클론,2,flutter 인스타그램 클론
137,frida 이용한 안드로이드,2,frida 이용한 안드로이드
138,frida 이용한 안드로이드 모의해킹,2,frida 이용한 안드로이드 모의해킹
63,cc 일러스트레이터 입문부터 실전까지,2,cc 일러스트레이터 입문부터 실전까지
61,camp 입문부터 서비스 개발까지,2,camp 입문부터 서비스 개발까지
147,hat centos7 리눅스 서버,2,hat centos7 리눅스 서버
60,camp 입문부터 서비스,2,camp 입문부터 서비스
4,12개를 만들며 배우는,2,12개를 만들며 배우는
5,12개를 만들며 배우는 swift4,2,12개를 만들며 배우는 swift4
8,2018 do it,2,2018 do it
9,2018 do it 안드로이드,2,2018 do it 안드로이드
12,2020년 공부 목표 올해는,2,2020년 공부 목표 올해는
13,2020년 공부 목표 파이썬,2,2020년 공부 목표 파이썬
14,2020년 공부 목표 프론트엔드,2,2020년 공부 목표 프론트엔드
19,2020년 목표 리액트,2,2020년 목표 리액트
20,2020년 목표 리액트 공부하기,2,2020년 목표 리액트 공부하기
21,2020년 목표 열심히,2,2020년 목표 열심히
22,2020년 목표 열심히 공부해서,2,2020년 목표 열심히 공부해서
34,android pie app 개발 기본,2,android pie app 개발
37,api 개발 스프링 데이터,2,api 개발 스프링 데이터
42,app 개발 기본,2,app 개발 기본
43,app 개발 심화,2,app 개발 심화
54,boot camp 입문부터,2,boot camp 입문부터
55,boot camp 입문부터 서비스,2,boot camp 입문부터 서비스
57,boot spring mvc,2,boot spring mvc
58,boot spring mvc spring,2,boot spring mvc spring
146,hat centos7 리눅스,2,hat centos7 리눅스
155,https www inflearn com course flutter,2,https www inflearn com
288,malware 분석 입문,2,malware 분석 입문
216,jpa 실전 스프링,2,jpa 실전 스프링
219,jpa 자바 orm,2,jpa 자바 orm
220,jpa 자바 orm 표준,2,jpa 자바 orm 표준
223,jpa 자바 스프링,2,jpa 자바 스프링
238,js es6 vuex vue js 완벽,2,js es6 vuex vue
243,js 관련 강의들을,2,js 관련 강의들을
244,js 관련 강의를,2,js 관련 강의를
245,js 관련 강의를 인프런에서,2,js 관련 강의를 인프런에서
259,js 완벽 가이드 신청완료,2,js 완벽 가이드 신청완료
262,js 웹개발로 알아보는,2,js 웹개발로 알아보는
263,js 웹개발로 알아보는 백엔드,2,js 웹개발로 알아보는 백엔드
270,jsp renew ver,2,jsp renew ver
271,jsp renew ver 신입,2,jsp renew ver 신입
278,klaytn 클레이튼 블록체인 어플리케이션 만들기 토큰,2,klaytn 클레이튼 블록체인 어플리케이션
279,learning 파이썬 머신러닝,2,learning 파이썬 머신러닝
282,level1 리버싱 분석 초급과정 리버스쿨,2,level1 리버싱 분석 초급과정
284,level2 리버싱 분석,2,level2 리버싱 분석
285,level2 리버싱 분석 초급과정,2,level2 리버싱 분석 초급과정
286,level3 안드로이드 모바일,2,level3 안드로이드 모바일
287,level3 안드로이드 모바일 리버싱,2,level3 안드로이드 모바일 리버싱
217,jpa 실전 스프링 부트와,2,jpa 실전 스프링 부트와
215,jpa 시리즈 입니다,2,jpa 시리즈 입니다
156,imdb 영화리뷰 감정,2,imdb 영화리뷰 감정
213,jpa 스프링 프레임워크 핵심,2,jpa 스프링 프레임워크 핵심
157,imdb 영화리뷰 감정 분석을,2,imdb 영화리뷰 감정 분석을
161,inflearn com course flutter,2,inflearn com course flutter
162,intellij를 시작하시는 분들을,2,intellij를 시작하시는 분들을
163,intellij를 시작하시는 분들을 위한,2,intellij를 시작하시는 분들을 위한
170,ios 개발 강좌,2,ios 개발 강좌
172,ios 개발을 번에 flutter,2,ios 개발을 번에 flutter
179,ios 아이폰 개발,2,ios 아이폰 개발
180,ios 프로그래밍 ios12,2,ios 프로그래밍 ios12
181,ios 프로그래밍 ios12 개발,2,ios 프로그래밍 ios12 개발
184,ios11 아이폰 ios,2,ios11 아이폰 ios
185,ios11 아이폰 ios 개발,2,ios11 아이폰 ios 개발
190,ipc 프로그래밍 이론과,2,ipc 프로그래밍 이론과
191,ipc 프로그래밍 이론과 실습,2,ipc 프로그래밍 이론과 실습
203,jpa node js,2,jpa node js
204,jpa spring boot,2,jpa spring boot
205,jpa spring boot spring,2,jpa spring boot spring
208,jpa 스프링 기반,2,jpa 스프링 기반
209,jpa 스프링 기반 rest,2,jpa 스프링 기반 rest
212,jpa 스프링 프레임워크,2,jpa 스프링 프레임워크
574,강좌 vue js,2,강좌 vue js
577,강좌 기획부터 사용까지,2,강좌 기획부터 사용까지
1469,있다 이모티콘 만들기,2,있다 이모티콘 만들기
1285,웹서비스 구축 하나 firebase의,2,웹서비스 구축 하나 firebase의
1239,엑셀장인의 매크로 프리다를 이용한 모의해킹,2,엑셀장인의 매크로 프리다를 이용한
1242,연재할인 제주코딩베이스캠프 code festival,2,연재할인 제주코딩베이스캠프 code festival
1244,열심히 공부할 예정입니다,2,열심히 공부할 예정입니다
1249,영역 자유롭게 구사하는,2,영역 자유롭게 구사하는
1250,영역 자유롭게 구사하는 기술,2,영역 자유롭게 구사하는 기술
1253,영화리뷰 감정 분석을,2,영화리뷰 감정 분석을
1254,영화리뷰 감정 분석을 통한,2,영화리뷰 감정 분석을 통한
1281,웹개발로 알아보는 백엔드 자바스크립트의,2,웹개발로 알아보는 백엔드 자바스크립트의
1284,웹서비스 구축 하나,2,웹서비스 구축 하나
1298,위한 es6 강좌 생활코딩,2,위한 es6 강좌 생활코딩
578,강좌 생활코딩 리엑트,2,강좌 생활코딩 리엑트
1300,위한 intellij 가이드,2,위한 intellij 가이드
1306,위한 딥러닝 deep reinforcement learning 파이썬,2,위한 딥러닝 deep reinforcement
1313,위한 리엑트 핵심 강좌 tdd,2,위한 리엑트 핵심 강좌
1318,위한 시스템 해킹,2,위한 시스템 해킹
1319,위한 시스템 해킹 프로토스타,2,위한 시스템 해킹 프로토스타
1323,위한 신입 자바 자바,2,위한 신입 자바 자바
1335,위한 자바 스프링,2,위한 자바 스프링
1336,위한 자바 스프링 프레임워크강좌,2,위한 자바 스프링 프레임워크강좌
1339,위한 프로그래밍 파이썬,2,위한 프로그래밍 파이썬
1178,신청완료 vue로 nodebird sns 만들기,2,신청완료 vue로 nodebird sns
1177,신청완료 vue로 nodebird,2,신청완료 vue로 nodebird
1175,신입프로그래머를 위한 자바 스프링,2,신입프로그래머를 위한 자바 스프링
1174,신입프로그래머를 위한 자바,2,신입프로그래머를 위한 자바
1109,스프링 부트 개념과 활용 스프링 프레임워크,2,스프링 부트 개념과 활용
1117,스프링 부트의 개념과,2,스프링 부트의 개념과
1118,스프링 부트의 개념과 활용,2,스프링 부트의 개념과 활용
1120,스프링 시큐리티 스프링 데이터,2,스프링 시큐리티 스프링 데이터
1126,스프링 프레임워크 renewal,2,스프링 프레임워크 renewal
1127,스프링 프레임워크 renewal ver,2,스프링 프레임워크 renewal ver
1135,스프링 프레임워크 핵심 기술 자바,2,스프링 프레임워크 핵심 기술
1137,스프링부트 vue js,2,스프링부트 vue js
1138,스프링부트 vue js jpa,2,스프링부트 vue js jpa
1140,스프링부트와 jpa 활용2,2,스프링부트와 jpa 활용2
1141,스프링부트와 jpa 활용2 api,2,스프링부트와 jpa 활용2 api
1148,시스템 해킹 프로토스타,2,시스템 해킹 프로토스타
1149,시스템 해킹 프로토스타 완벽,2,시스템 해킹 프로토스타 완벽
1160,시작하기 파이썬 입문 공공데이터로,2,시작하기 파이썬 입문 공공데이터로
1165,시작하시는 분들을 위한 intellij,2,시작하시는 분들을 위한 intellij
1167,시큐리티 스프링 데이터,2,시큐리티 스프링 데이터
1168,시큐리티 스프링 데이터 jpa,2,시큐리티 스프링 데이터 jpa
1169,신입 자바 자바,2,신입 자바 자바
1170,신입 자바 자바 개발자,2,신입 자바 자바 개발자
1340,위한 프로그래밍 파이썬 중급,2,위한 프로그래밍 파이썬 중급
1345,윈도우 악성코드 malware,2,윈도우 악성코드 malware
1346,윈도우 악성코드 malware 분석,2,윈도우 악성코드 malware 분석
1412,인프런 강의명 자바,2,인프런 강의명 자바
1418,인프런 강의명 프로그래밍 시작하기,2,인프런 강의명 프로그래밍 시작하기
1421,인프런 강의명 함수형,2,인프런 강의명 함수형
1422,인프런 강의명 함수형 프로그래밍과,2,인프런 강의명 함수형 프로그래밍과
1425,인프런에서 들으면서 목표를,2,인프런에서 들으면서 목표를
1426,인프런에서 좋은 강의를,2,인프런에서 좋은 강의를
1427,인프런을 통해 올해,2,인프런을 통해 올해
1428,일러스트레이터 입문부터 실전까지,2,일러스트레이터 입문부터 실전까지
1438,입문 공공데이터로 파이썬,2,입문 공공데이터로 파이썬
1439,입문 공공데이터로 파이썬 데이터,2,입문 공공데이터로 파이썬 데이터
1442,입문 스프링 프레임워크,2,입문 스프링 프레임워크
1443,입문 스프링 프레임워크 핵심,2,입문 스프링 프레임워크 핵심
1449,입문 안드로이드 ios 개발을 번에 flutter,2,입문 안드로이드 ios 개발을
1454,입문부터 서비스 개발까지,2,입문부터 서비스 개발까지
1461,있는 강의 딥러닝,2,있는 강의 딥러닝
1462,있는 강의 딥러닝 완전정복,2,있는 강의 딥러닝 완전정복
1463,있는 사람이 되겠습니다,2,있는 사람이 되겠습니다
1465,있는 안드로이드 개발 kotlin,2,있는 안드로이드 개발 kotlin
1467,있는 풀스택 개발자가,2,있는 풀스택 개발자가
1468,있는 한해가 되었으면,2,있는 한해가 되었으면
1414,인프런 강의명 파이썬 알고리즘,2,인프런 강의명 파이썬 알고리즘
1410,인프런 강의명 리눅스,2,인프런 강의명 리눅스
1359,유료로 웹서비스 구축,2,유료로 웹서비스 구축
1409,인프런 강의명 따라하며 배우는,2,인프런 강의명 따라하며 배우는
1360,유료로 웹서비스 구축 하나,2,유료로 웹서비스 구축 하나
1364,이것이 리눅스다 저자의,2,이것이 리눅스다 저자의
1365,이것이 리눅스다 저자의 red,2,이것이 리눅스다 저자의 red
1371,이번 방학동안 부족했던,2,이번 방학동안 부족했던
1372,이번 방학동안 부족했던 부분을,2,이번 방학동안 부족했던 부분을
1375,이용한 안드로이드 모의해킹,2,이용한 안드로이드 모의해킹
1377,이용한 크롤링 web,2,이용한 크롤링 web
1378,이용한 크롤링 web crawling,2,이용한 크롤링 web crawling
1384,이해와 객체지향 프로그래밍,2,이해와 객체지향 프로그래밍
1393,인터렉티브 개발 제대로,2,인터렉티브 개발 제대로
1394,인터렉티브 개발 제대로 시작하기,2,인터렉티브 개발 제대로 시작하기
1395,인프런 강의를 통해서,2,인프런 강의를 통해서
1396,인프런 강의명 flutter,2,인프런 강의명 flutter
1397,인프런 강의명 flutter 입문,2,인프런 강의명 flutter 입문
1400,인프런 강의명 opencv,2,인프런 강의명 opencv
1401,인프런 강의명 opencv 파이썬,2,인프런 강의명 opencv 파이썬
1404,인프런 강의명 vue,2,인프런 강의명 vue
1405,인프런 강의명 vue js,2,인프런 강의명 vue js
1408,인프런 강의명 따라하며,2,인프런 강의명 따라하며
1103,스프링 데이터 jpa 자바,2,스프링 데이터 jpa 자바
1101,스프링 데이터 jpa 실전 스프링,2,스프링 데이터 jpa 실전
1098,스프링 데이터 jpa 스프링 프레임워크,2,스프링 데이터 jpa 스프링
662,공부 목표 프론트엔드,2,공부 목표 프론트엔드
667,공부 열심히 해서,2,공부 열심히 해서
668,공부를 열심히 해볼,2,공부를 열심히 해볼
673,관련 강의를 인프런에서,2,관련 강의를 인프런에서
674,관련 강의를 인프런에서 들으면서,2,관련 강의를 인프런에서 들으면서
677,관심 있는 강의 딥러닝,2,관심 있는 강의 딥러닝
682,관심강좌 실전 스프링,2,관심강좌 실전 스프링
683,관심강좌 자바 orm,2,관심강좌 자바 orm
684,관심강좌 자바 orm 표준,2,관심강좌 자바 orm 표준
690,관심분야 파이썬 머신러닝,2,관심분야 파이썬 머신러닝
691,관심분야 파이썬 머신러닝 완벽,2,관심분야 파이썬 머신러닝 완벽
694,관심있는 강의 스프링 시큐리티,2,관심있는 강의 스프링 시큐리티
696,관심있는 강의 파이썬 머신러닝,2,관심있는 강의 파이썬 머신러닝
699,관심있는 강의 파이썬 알고리즘,2,관심있는 강의 파이썬 알고리즘
701,관심있는 강의는 파이썬,2,관심있는 강의는 파이썬
702,관심있는 강의명 스프링,2,관심있는 강의명 스프링
703,관심있는 강의명 스프링 시큐리티,2,관심있는 강의명 스프링 시큐리티
705,관심있는 인프런 강의는,2,관심있는 인프런 강의는
707,관심있는 인프런 강의명 flutter,2,관심있는 인프런 강의명 flutter
710,관심있는 인프런 강의명 opencv,2,관심있는 인프런 강의명 opencv
663,공부 목표 프론트엔드 영역,2,공부 목표 프론트엔드 영역
661,공부 목표 파이썬,2,공부 목표 파이썬
716,관심있는 인프런 강의명 따라하며,2,관심있는 인프런 강의명 따라하며
660,공부 목표 올해는,2,공부 목표 올해는
589,개념과 활용 스프링 시큐리티,2,개념과 활용 스프링 시큐리티
591,개발 swift4 ios11,2,개발 swift4 ios11
592,개발 swift4 ios11 입문,2,개발 swift4 ios11 입문
596,개발 관련 강의,2,개발 관련 강의
601,개발 스프링 데이터,2,개발 스프링 데이터
602,개발 스프링 데이터 jpa,2,개발 스프링 데이터 jpa
619,개발을 번에 flutter,2,개발을 번에 flutter
620,개발을 번에 flutter 중급,2,개발을 번에 flutter 중급
625,개발을 위한 es6 강좌 생활코딩,2,개발을 위한 es6 강좌
630,개발자 입니다 올해는,2,개발자 입니다 올해는
631,개발자 취업 로드맵,2,개발자 취업 로드맵
633,개발자가 되고 싶어요,2,개발자가 되고 싶어요
634,개발자가 되는 것을,2,개발자가 되는 것을
635,개발자가 되는 것을 목표로,2,개발자가 되는 것을 목표로
636,것이 목표입니다 관심,2,것이 목표입니다 관심
637,것이 목표입니다 관심 있는,2,것이 목표입니다 관심 있는
652,게임을 활용한 파이썬,2,게임을 활용한 파이썬
653,게임을 활용한 파이썬 프로그래밍,2,게임을 활용한 파이썬 프로그래밍
656,견고한js 소프트웨어 만들기,2,견고한js 소프트웨어 만들기
713,관심있는 인프런 강의명 vue,2,관심있는 인프런 강의명 vue
718,관심있는 인프런 강의명 리눅스,2,관심있는 인프런 강의명 리눅스
1091,스프링 강의 완주,2,스프링 강의 완주
1006,분들을 위한 intellij 가이드,2,분들을 위한 intellij 가이드
1011,분석 입문 과정,2,분석 입문 과정
1016,분석 중급과정 유형별분석,2,분석 중급과정 유형별분석
1018,분석 초급과정 리버스쿨 level2,2,분석 초급과정 리버스쿨 level2
1022,분석과 자연어 처리,2,분석과 자연어 처리
1024,분석을 통한 파이썬,2,분석을 통한 파이썬
1025,분석을 통한 파이썬 텍스트,2,분석을 통한 파이썬 텍스트
1033,블록체인 어플리케이션 만들기 토큰,2,블록체인 어플리케이션 만들기 토큰
1038,빅데이터의 통찰력을 주는,2,빅데이터의 통찰력을 주는
1039,빅데이터의 통찰력을 주는 엑셀,2,빅데이터의 통찰력을 주는 엑셀
1046,사람이 되고 싶습니다,2,사람이 되고 싶습니다
1056,성과내기 페이스북 퍼포먼스,2,성과내기 페이스북 퍼포먼스
1057,성과내기 페이스북 퍼포먼스 마케팅,2,성과내기 페이스북 퍼포먼스 마케팅
1058,성장하고 싶습니다 관심있는,2,성장하고 싶습니다 관심있는
1068,쉽게 배워보는 파이참,2,쉽게 배워보는 파이참
1069,쉽게 배워보는 파이참 pycharm,2,쉽게 배워보는 파이참 pycharm
1082,스스로의 웹페이지를 구축해보고,2,스스로의 웹페이지를 구축해보고
1083,스트링 부트 개념과,2,스트링 부트 개념과
1084,스트링 부트 개념과 활용,2,스트링 부트 개념과 활용
1089,스프링 mvc 스프링 부트,2,스프링 mvc 스프링 부트
1008,분석 실전 프로젝트 파이썬,2,분석 실전 프로젝트 파이썬
1005,분들을 위한 intellij,2,분들을 위한 intellij
720,관심있는 인프런 강의명 자바,2,관심있는 인프런 강의명 자바
1001,부트의 개념과 활용,2,부트의 개념과 활용
722,관심있는 인프런 강의명 파이썬 알고리즘,2,관심있는 인프런 강의명 파이썬
725,관심있는 인프런 강의명 프로그래밍 시작하기,2,관심있는 인프런 강의명 프로그래밍
727,관심있는 인프런 강의명 함수형,2,관심있는 인프런 강의명 함수형
732,구사하는 기술 보유하여,2,구사하는 기술 보유하여
733,구사하는 기술 보유하여 스스로의,2,구사하는 기술 보유하여 스스로의
967,배워보는 파이참 pycharm 핵심 가이드,2,배워보는 파이참 pycharm 핵심
972,백엔드 개발자 취업,2,백엔드 개발자 취업
973,백엔드 개발자 취업 로드맵,2,백엔드 개발자 취업 로드맵
974,백엔드 자바스크립트의 이해,2,백엔드 자바스크립트의 이해
975,번에 flutter 중급,2,번에 flutter 중급
976,번에 flutter 중급 http통신,2,번에 flutter 중급 http통신
980,보안 취미로 해킹,2,보안 취미로 해킹
981,보안 취미로 해킹 시리즈,2,보안 취미로 해킹 시리즈
982,보안전문가를 위한 파워쉘,2,보안전문가를 위한 파워쉘
983,보유하여 스스로의 웹페이지를,2,보유하여 스스로의 웹페이지를
984,보유하여 스스로의 웹페이지를 구축해보고,2,보유하여 스스로의 웹페이지를 구축해보고
987,부족함을 많이 느끼는,2,부족함을 많이 느끼는
992,부트 개념과 활용 스프링 프레임워크,2,부트 개념과 활용 스프링
1,12개 만들면서 배우는 ios,2,12개 만들면서 배우는 ios
1999,활용한 파이썬 프로그래밍,2,활용한 파이썬 프로그래밍
